编号,期刊,题名,冲击A,A类型,C类别（按题名关键词）
ERJ-001,经济研究,规模激励与企业提质——基于规模以上工业企业资质认定门槛的聚束分析,规上工业企业资质认定门槛,国内政策/制度,其他（行为/市场微观结果）
ERJ-002,经济研究,数字技术应用、任务偏向与县域城镇化——来自国家电子商务示范城市的典型案例与经验证据,国家电子商务示范城市建设,国内政策/制度,城镇化/区域/乡村
ERJ-003,经济研究,技术进口冲击、企业进入与供应链自主可控,2022年美国半导体出口管制,外国政策/外需,供应链/产业链安全
ERJ-004,经济研究,数据跨境流动监管与企业供应链转移,数据跨境流动监管规范化,国内政策/制度,供应链/产业链安全
ERJ-005,经济研究,气温冲击、贸易网络与经济增长,本国及贸易伙伴气温冲击,自然/历史/空间,开放/贸易/外资
ERJ-006,经济研究,中国社保基金增收的微观机制与适应策略——来自缴费基数限额调整的证据,社保缴费基数限额调整,国内政策/制度,就业/收入分配/共同富裕
ERJ-007,经济研究,医保结构性改革与医疗总费用控制,职工医保门诊共济改革,国内政策/制度,财政税收治理/公共服务
ERJ-008,经济研究,地方政府合作的增长与协调效应研究,省级政府战略合作协议签署,国内政策/制度,城镇化/区域/乡村
ERJ-009,经济研究,战略性新兴产业集群如何影响企业专业化分工？,2019年战略性新兴产业集群建设,国内政策/制度,其他（行为/市场微观结果）
ERJ-010,经济研究,用工成本上涨与企业间接用工——基于生产性服务业发展视域的研究,地方最低工资上涨,国内政策/制度,其他（行为/市场微观结果）
ERJ-011,经济研究,县域新型城镇化、流动范围与女性农业转移人口就业,县域新型城镇化政策,国内政策/制度,就业/收入分配/共同富裕
ERJ-012,经济研究,绿色信贷政策与高排放产业链集聚,绿色信贷政策,国内政策/制度,供应链/产业链安全
ERJ-013,经济研究,平台商家资源配置与经营绩效提升——基于商家整合平台共享性资源与自身资源的视角,平台商家创建新业务,市场/企业事件/实验,其他（行为/市场微观结果）
ERJ-014,经济研究,外需冲击、政府采购管理与小微企业发展,2018年美国对华加征关税,外国政策/外需,其他（行为/市场微观结果）
ERJ-015,经济研究,社会资本参与、市场承诺与应用基础研究创新,国家自然科学基金联合基金项目实施,国内政策/制度,科技创新/新质生产力
ERJ-016,经济研究,中国碳排放权交易市场价格波动机制及实证——基于双层演化博弈视角的研究,中央环保监管事件,国内政策/制度,绿色低碳/生态
ERJ-017,经济研究,税收征管数字化升级与上市公司所得税费用偏差,金税三期分批实施,国内政策/制度,财政税收治理/公共服务
ERJ-018,经济研究,中间品贸易自由化、共同投资者持股与核心技术突破,中间品贸易自由化,国内政策/制度,科技创新/新质生产力
ERJ-019,经济研究,中国专利的经济价值：测度、特征及有效性,专利授权事件及技术创新变化,市场/企业事件/实验,科技创新/新质生产力
ERJ-020,经济研究,税收政策复杂性如何影响企业认知决策,业务招待费税前扣除双重限额,国内政策/制度,财政税收治理/公共服务
ERJ-021,经济研究,商事制度改革与企业市场活力——基于简易注销改革的视角,企业简易注销改革,国内政策/制度,统一大市场/营商环境/市场活力
ERJ-022,经济研究,差异化金融监管的政策效果与优化研究——基于中小企业风险权重调整的视角,中小企业风险权重优惠,国内政策/制度,其他（行为/市场微观结果）
ERJ-023,经济研究,税收公平与区域协调发展——来自养老保险缴费率调整的证据,2019年养老保险缴费率差距缩小,国内政策/制度,财政税收治理/公共服务
ERJ-024,经济研究,新分类模式下的转移支付财力均等化效应再评估,2019年转移支付分类改革,国内政策/制度,财政税收治理/公共服务
ERJ-025,经济研究,创新激励政策与能源前沿技术创新——以“光伏领跑者计划”为例,光伏领跑者计划,国内政策/制度,科技创新/新质生产力
ERJ-026,经济研究,产品准入制度市场化改革对企业创新的影响——以中国种业为例,2016年新《种子法》实施,国内政策/制度,科技创新/新质生产力
ERJ-027,经济研究,碳关税信号、绿电禀赋与高耗能企业的空间再配置,2018年欧盟CBAM决议信号,外国政策/外需,绿色低碳/生态
ERJ-028,经济研究,财政金融协同的信贷资源配置效应——基于国库现金管理的研究,地方国库现金管理试点,国内政策/制度,防风险/地方债/金融稳定
ERJ-029,经济研究,国际数字服务税的税负转嫁——兼论中国参与国际税改的路径,出口目的国实施数字服务税,外国政策/外需,财政税收治理/公共服务
ERJ-030,经济研究,推进中国乡村全面振兴的路径与经验——基于浙江“千万工程”的分析,浙江“千万工程”,国内政策/制度,城镇化/区域/乡村
ERJ-031,经济研究,产业政策与企业技术突破——基于企业微观行为视角,制造强国战略,国内政策/制度,科技创新/新质生产力
ERJ-032,经济研究,技术标准国际对接与国际创新合作——兼论中国融入全球创新网络的路径选择,技术标准国际对接,国内政策/制度,科技创新/新质生产力
ERJ-033,经济研究,贸易冲击如何影响中国劳动力市场——基于数量、结构和技能的多重视角,美国对华加征关税,外国政策/外需,就业/收入分配/共同富裕
ERJ-034,经济研究,数字技术应用与财政支出效率——来自预算管理一体化的证据,预算管理一体化系统上线,国内政策/制度,财政税收治理/公共服务
ERJ-035,经济研究,消费补贴的价格传导与财政乘数效应,家电国家消费补贴,国内政策/制度,扩内需/消费
ERJ-036,经济研究,农业季节性、劳动力流动与经济发展——来自18—19世纪中国的证据,农业生产季节性,自然/历史/空间,就业/收入分配/共同富裕
ERJ-037,经济研究,土地要素市场化配置、产业结构趋同与城市间合作创新,2007年工业用地市场化改革,国内政策/制度,科技创新/新质生产力
ERJ-038,经济研究,数字基础设施建设、公共算力供给与AI创新——来自公共智算中心建设的证据,公共人工智能计算中心建设,国内政策/制度,科技创新/新质生产力
ERJ-039,经济研究,大数据政策的绿色效应：碳回弹风险及其缓释机制,国家级大数据综合试验区设立,国内政策/制度,绿色低碳/生态
ERJ-040,经济研究,中国货币政策与财政政策的中长期效应研究,货币政策和财政政策冲击,宏观/信息冲击,财政税收治理/公共服务
ERJ-041,经济研究,生产技术变革、企业社保缴费与社保基金可持续性,工业机器人渗透,技术冲击,财政税收治理/公共服务
ERJ-042,经济研究,机器人应用与制造业企业生产链延伸——基于稳链强链视角的考察,机器人应用；具体冲击或处理定义尚未获取,待补,待补
ERJ-043,经济研究,供给侧结构性改革的扩内需效应——基于信息消费示范城市建设的分析,信息消费示范城市建设；具体研究设计尚未获取,待补,待补
ERJ-044,经济研究,中国对外基础设施投资的经济效应与微观作用机制——来自非洲发展走廊项目的证据,非洲发展走廊基础设施项目分期推进,国内政策/制度,其他（行为/市场微观结果）
ERJ-045,经济研究,数据要素冲击、信息摩擦与供应链关系建立,区域数据规制造成的数据要素负向冲击,外国政策/外需,供应链/产业链安全
ERJ-046,经济研究,自动化发展如何影响收入分配：水平扩张和垂直进步的技术分解,自动化技术变化；是否包含冲击回归尚未核实,待补,待补
ERJ-047,经济研究,新型农业经营主体与共同富裕,新型农业经营主体发展；是否包含冲击回归尚未核实,待补,待补
WE-001,世界经济,数据共享与企业出口产品质量：来自隐私政策文本的证据,供应链企业之间开始共享数据,市场/企业事件/实验,开放/贸易/外资
WE-002,世界经济,数字贸易规则与人工智能硬件产品出口,数字贸易规则生效,外国政策/外需,开放/贸易/外资
WE-003,世界经济,对口支援与企业跨地区投资,东西部扶贫协作结对帮扶,国内政策/制度,统一大市场/营商环境/市场活力
WE-004,世界经济,以数促联：公共数据开放与企业供应链地理布局,公共数据开放,国内政策/制度,供应链/产业链安全
WE-005,世界经济,乡镇行政区划调整的人口集聚效应：以撤镇设街道为例,撤镇设街道,国内政策/制度,城镇化/区域/乡村
WE-006,世界经济,“生逢其时”是否重要：毕业时经济增速与个人长期发展,个人毕业时宏观经济增速,自然/历史/空间,其他（行为/市场微观结果）
WE-007,世界经济,突破创新溢出的地理约束：来自高校异地研究院的证据,高校异地研究院设立,国内政策/制度,科技创新/新质生产力
WE-008,世界经济,宏观审慎政策国际协调与中国金融稳定,宏观审慎政策国际协调,宏观/信息冲击,防风险/地方债/金融稳定
WE-009,世界经济,碳市场建设与企业要素错配：理论机制与中国经验,碳排放权交易试点,国内政策/制度,绿色低碳/生态
WE-010,世界经济,基础教育普及与农民长期收入：来自扫盲运动的证据,新中国成立初期扫盲运动,国内政策/制度,财政税收治理/公共服务
WE-011,世界经济,高等教育机会、教育迁移与县域教育发展,农村和贫困地区高考招生专项计划,国内政策/制度,财政税收治理/公共服务
WE-012,世界经济,沉没成本效应与在线学习表现,随机积分兑换课程干预,市场/企业事件/实验,其他（行为/市场微观结果）
WE-013,世界经济,数字经济新业态与包容性就业:基于外卖站点入驻的研究,外卖配送站点入驻,市场/企业事件/实验,就业/收入分配/共同富裕
WE-014,世界经济,法律执行创新、信息摩擦与企业贸易信贷,法院网络司法拍卖,国内政策/制度,科技创新/新质生产力
WE-015,世界经济,宏观经济政策沟通与预期管理：来自新闻发布会的证据,国新办宏观政策新闻发布会,宏观/信息冲击,其他（行为/市场微观结果）
WE-016,世界经济,多层行政边界、政府干预非对称性与企业跨区域投资,跨越市际、省际行政边界,自然/历史/空间,统一大市场/营商环境/市场活力
WE-017,世界经济,沪深港通交易制度与股票市场韧性,沪深港通交易制度,国内政策/制度,防风险/地方债/金融稳定
WE-018,世界经济,疾病控制与教育代际传递：基于麻疹疫苗接种的经验证据,20世纪60年代麻疹疫苗接种运动,国内政策/制度,财政税收治理/公共服务
WE-019,世界经济,打开比较优势技术来源的“黑箱”：中间品投入结构的视角,国家级开发区主导产业设立,国内政策/制度,其他（行为/市场微观结果）
WE-020,世界经济,专精特新政策与创新质量：基于发明专利文本的经验证据,专精特新政策,国内政策/制度,科技创新/新质生产力
WE-021,世界经济,人工智能的新测度方法及其应用,人工智能应用水平变化,技术冲击,其他（行为/市场微观结果）
WE-022,世界经济,独立董事培训的治理效应：基于盈余管理的证据,独立董事参加培训,市场/企业事件/实验,其他（行为/市场微观结果）
WE-023,世界经济,流动的福祉：南水北调与健康中国,南水北调工程通水,国内政策/制度,其他（行为/市场微观结果）
WE-024,世界经济,在线导师式干预与非认知能力：来自随机实地实验的证据,随机在线一对一导师支持,市场/企业事件/实验,其他（行为/市场微观结果）
WE-025,世界经济,极端天气、贸易信贷传导与供应链稳定,极端天气,自然/历史/空间,供应链/产业链安全
WE-026,世界经济,新闻情绪与人民币汇率预期,国内外新闻情绪变化,宏观/信息冲击,开放/贸易/外资
WE-027,世界经济,科技赋能司法与全国统一大市场的形成,智慧法院建设,国内政策/制度,统一大市场/营商环境/市场活力
WE-028,世界经济,政府产业基金支持企业创新的最优投资模式研究,政府产业基金投资事件,国内政策/制度,科技创新/新质生产力
WE-029,世界经济,基础教育结果均等化改革的效应评估：以上海市为例,上海名额分配综合评价录取政策,国内政策/制度,财政税收治理/公共服务
WE-030,世界经济,“同气连枝”：华侨华人网络与企业出口,贸易政策外生变化,外国政策/外需,开放/贸易/外资
WE-031,世界经济,改革落实的传导机制：企业感知的视角,地方政府落实改革措施,国内政策/制度,其他（行为/市场微观结果）
WE-032,世界经济,打破数据孤岛：大数据管理局与上市公司异地投资,城市大数据管理局设立,国内政策/制度,统一大市场/营商环境/市场活力
WE-033,世界经济,效率与公平可否兼顾：基于工资刚性视角的分析,企业经营风险及负面冲击,宏观/信息冲击,就业/收入分配/共同富裕
WE-034,世界经济,退休与家庭财务脆弱性：理论与经验分析,退休及法定退休年龄门槛,国内政策/制度,其他（行为/市场微观结果）
WE-035,世界经济,规制开放与国际专利申请：以《专利法》TRIPS协调为例,《专利法》与TRIPS三次协调,国内政策/制度,科技创新/新质生产力
WE-036,世界经济,创业投资集聚如何影响企业创新：来自基金小镇设立的证据,基金小镇设立,国内政策/制度,科技创新/新质生产力
WE-037,世界经济,亲清政商关系与民营部门雇员晋升：一项准自然实验研究,中央八项规定,国内政策/制度,其他（行为/市场微观结果）
WE-038,世界经济,身份筹划的避税效应：增值税纳税人身份选择与税负变动,增值税纳税人身份选择门槛,国内政策/制度,财政税收治理/公共服务
WE-039,世界经济,金融科技创新与企业跨国供应链拓展,银行金融科技创新,技术冲击,科技创新/新质生产力
WE-040,世界经济,跨境电商如何赋能“边缘企业”实现出口突围,2012年跨境电商政策,国内政策/制度,开放/贸易/外资
WE-041,世界经济,新供给创造新需求：市场准入负面清单的消费提振效应研究,市场准入负面清单制度,国内政策/制度,扩内需/消费
WE-042,世界经济,撤县设区是否能促进市场整合：来自异地分支机构的证据,撤县设区,国内政策/制度,统一大市场/营商环境/市场活力
WE-043,世界经济,公共文化资源普惠化与居民幸福感：基于博物馆发展的证据,地级市博物馆数量首次达到20家,国内政策/制度,财政税收治理/公共服务
WE-044,世界经济,生成式人工智能如何影响中国劳动力薪资,生成式人工智能应用,技术冲击,就业/收入分配/共同富裕
WE-045,世界经济,免签政策与外商直接投资：来自企业注册数据的证据,普通护照免签政策,国内政策/制度,开放/贸易/外资
WE-046,世界经济,量价混合还是数量淡出：中国货币政策框架转型研究,中国货币政策框架变化,宏观/信息冲击,其他（行为/市场微观结果）
WE-047,世界经济,统一监管与债券市场高质量发展：来自债市执法改革的证据,证监会统一债券执法权,国内政策/制度,其他（行为/市场微观结果）
WE-048,世界经济,地方化债组合政策与资本市场反馈,12万亿元地方化债组合政策,国内政策/制度,防风险/地方债/金融稳定
WE-049,世界经济,耐用品价格补贴与家庭消费行为：家电以旧换新的证据,上一轮家电以旧换新政策,国内政策/制度,扩内需/消费
WE-050,世界经济,网间互联质量与合作创新：来自新增骨干直联点的证据,新增国家级互联网骨干直联点,国内政策/制度,科技创新/新质生产力
MWM-001,管理世界,人工智能技术创新与中国劳动力市场势力：从“二元增长分化”到劳资兼容发展,人工智能技术创新,技术冲击,科技创新/新质生产力
MWM-002,管理世界,金融市场与企业创新发展——基于专利价值折损缓解的新视角,专利价值实现及金融市场支持暴露,市场/企业事件/实验,科技创新/新质生产力
MWM-003,管理世界,破产重整、债权人保护与金融高质量发展——来自债转股定价地区溢出效应的经验证据,企业破产重整及债转股定价,市场/企业事件/实验,其他（行为/市场微观结果）
MWM-004,管理世界,统筹发展与安全的数据治理路径研究,教育APP治理规范出台,国内政策/制度,其他（行为/市场微观结果）
MWM-005,管理世界,平台经济中的效率与公平：基于算法取中改革的研究,2021年外卖平台算法取中改革,市场/企业事件/实验,其他（行为/市场微观结果）
MWM-006,管理世界,个人所得税改革与中国家庭消费——基于2018年个人所得税专项附加扣除政策的分析,2018年个税专项附加扣除,国内政策/制度,扩内需/消费
MWM-007,管理世界,一揽子化债方案和地方隐性债务置换——基于特殊再融资债券重启的视角,2023年特殊再融资债券重启,国内政策/制度,防风险/地方债/金融稳定
MWM-008,管理世界,医保支付改革、道德风险与医疗控费,DRG/DIP医保支付改革及起付线,国内政策/制度,防风险/地方债/金融稳定
MWM-009,管理世界,动态税收抵扣与应税弹性的估计调整：跃迁式群聚的异常证据,2010—2015年小微所得税优惠三次扩围,国内政策/制度,财政税收治理/公共服务
MWM-010,管理世界,劳动要素成本上涨与服务业企业退出——基于价格传递异质性的视角,最低工资调整,国内政策/制度,就业/收入分配/共同富裕
MWM-011,管理世界,专利有效性竞争失败压力与企业技术方向调整策略,专利被无效宣告,市场/企业事件/实验,科技创新/新质生产力
MWM-012,管理世界,治理中心化能否推动基本公共服务供给的均等化？——以医疗保障局成立为例,地市医疗保障局成立,国内政策/制度,财政税收治理/公共服务
MWM-013,管理世界,市场设施高标准联通与全国统一大市场建设——基于招投标数字证书互认的自然实验,招投标数字证书兼容互认,国内政策/制度,统一大市场/营商环境/市场活力
MWM-014,管理世界,中国产业并购浪潮的产生与传递——基于复杂网络分析方法,产业并购活动及网络传递,市场/企业事件/实验,其他（行为/市场微观结果）
MWM-015,管理世界,财政规则、宏观经济稳定和财政治理绩效——基于地方政府财政行为生成逻辑的实证研究,产出缺口和财政可持续压力,宏观/信息冲击,财政税收治理/公共服务
MWM-016,管理世界,超越经济激励：平台经济中的评论激励机制、市场交易行为与社会福利,平台经济和非经济评论激励干预,市场/企业事件/实验,其他（行为/市场微观结果）
MWM-017,管理世界,税基型减税政策、投资激励与消费提振——基于工资薪金据实扣除政策的证据,内资企业工资薪金税前据实扣除改革,国内政策/制度,扩内需/消费
MWM-018,管理世界,计价货币与汇率传递：人民币国际化的作用,美元及人民币汇率变动,外国政策/外需,开放/贸易/外资
MWM-019,管理世界,FTA深化对价值链结构性权力的不对称影响及“全球南方”的跃升路径,自由贸易协定深化,外国政策/外需,供应链/产业链安全
MWM-020,管理世界,互利共赢还是零和博弈：跨境电商平台出海如何影响东道国既有平台？,中国跨境电商平台进入海外城市,市场/企业事件/实验,其他（行为/市场微观结果）
MWM-021,管理世界,数据财政的前景研究：企业需求视角,地方公共数据交易权限开放,国内政策/制度,财政税收治理/公共服务
MWM-022,管理世界,监管沙盒何以缓释银行系统性风险？——基于银行金融科技创新与监管的演化博弈分析,金融监管沙盒实施,国内政策/制度,防风险/地方债/金融稳定
MWM-023,管理世界,交易机制创新助力提升资本市场流动性——基于债券匿名点击交易平台的研究,2016年X-Bond匿名点击业务推出,国内政策/制度,科技创新/新质生产力
MWM-024,管理世界,减税激励与外资稳定：预提税改革的证据,2017年外资利润再投资预提税缓征,国内政策/制度,财政税收治理/公共服务
MWM-025,管理世界,地方财政压力、信贷干预与银行风险承担,房地产限购导致地方财政压力,国内政策/制度,防风险/地方债/金融稳定
MWM-026,管理世界,药品集采改革、医疗负担与医疗公平——来自医院处方的微观证据,国家药品集中带量采购分批实施,国内政策/制度,财政税收治理/公共服务
MWM-027,管理世界,分级诊疗制度下的医疗控费机制——基于大样本病案数据的研究证据,医院当日住院资源占用变化,市场/企业事件/实验,财政税收治理/公共服务
MWM-028,管理世界,生产网络视角下的数字技术扩散效应：经验证据、影响路径与经济后果,生产网络上的数字技术扩散,技术冲击,其他（行为/市场微观结果）
MWM-029,管理世界,社保缴费基数限额下调的稳就业与促投资效应研究——来自社平工资统计口径调整的证据,2019年社平工资统计口径调整,国内政策/制度,就业/收入分配/共同富裕
MWM-030,管理世界,养老保险缴费率下降的工资弹性之谜——兼论积极财政政策精准发力的路径,养老保险缴费率下降,国内政策/制度,就业/收入分配/共同富裕
MWM-031,管理世界,税制扭曲与资本配置效率：兼论财税金融的协同改革,2018年增值税留抵退税改革,国内政策/制度,财政税收治理/公共服务
MWM-032,管理世界,地方债治理与企业新兴技术突破——基于商业银行资产结构转换的视角,地方债治理,国内政策/制度,科技创新/新质生产力
MWM-033,管理世界,气候风险影响下金融系统与实体经济间风险传染反馈效应研究,不同类型气候风险事件,自然/历史/空间,防风险/地方债/金融稳定
MWM-034,管理世界,分类转移支付、专项监督与农村发展：如何实现质的有效提升和量的合理增长？,脱贫攻坚财政涉农整合政策,国内政策/制度,财政税收治理/公共服务
MWM-035,管理世界,谜题破则质量升：研发费用分类操纵的理论框架与经验证据,研发税收激励和披露制度变化,市场/企业事件/实验,科技创新/新质生产力
CIE-001,中国工业经济,高速公路取消收费与区域经济增长,高速公路取消收费,国内政策/制度,城镇化/区域/乡村
CIE-002,中国工业经济,抱团翻越“小院高墙”：美国出口管制与中国企业关键数字技术联合创新,美国技术中间品出口管制,外国政策/外需,科技创新/新质生产力
CIE-003,中国工业经济,数字贸易规则、新型比较优势与国际分工重塑——基于流量与品类的双重检验,区域贸易协定数字规则深化,外国政策/外需,开放/贸易/外资
CIE-004,中国工业经济,风险与重塑：企业如何管理供应链风险,供应链风险冲击,自然/历史/空间,供应链/产业链安全
CIE-005,中国工业经济,退市风险与企业战略选择——基于中国渐进式退市制度的实证研究,渐进式退市制度及退市风险,国内政策/制度,防风险/地方债/金融稳定
CIE-006,中国工业经济,货币政策不确定性与大科技信贷——来自小微企业信贷行为的微观证据,货币政策不确定性上升,宏观/信息冲击,防风险/地方债/金融稳定
CIE-007,中国工业经济,金融监管处罚、信贷供给收紧与融资平台债务治理,金融机构监管处罚事件,国内政策/制度,防风险/地方债/金融稳定
CIE-008,中国工业经济,智能化转型、技能适配与就业结构分化,智能化转型,技术冲击,就业/收入分配/共同富裕
CIE-009,中国工业经济,专利技术外购与企业生产率,企业购买专利技术,市场/企业事件/实验,科技创新/新质生产力
CIE-010,中国工业经济,外需冲击、市场转移与出口稳定,2011—2015年发达国家进口需求疲软,外国政策/外需,开放/贸易/外资
CIE-011,中国工业经济,地方司法效能、商业信用与供应链资金流转,最高人民法院巡回法庭设立,国内政策/制度,供应链/产业链安全
CIE-012,中国工业经济,政策执行信息透明度与地区并购活跃度——来自县域项目级别并购标的的证据,基层政务公开标准化试点,国内政策/制度,其他（行为/市场微观结果）
CIE-013,中国工业经济,央行沟通情感识别、通胀预期形成机制与央行信誉优化,央行沟通信息变化,宏观/信息冲击,其他（行为/市场微观结果）
CIE-014,中国工业经济,名单制监管、平台融资策略分化与信用风险,融资平台名单制监管,国内政策/制度,防风险/地方债/金融稳定
CIE-015,中国工业经济,线上市场价格为何偏离“一价定律”——基于商家平台链接视角的价格离散“跳变”假说,商家跨平台接入或撤销链接,市场/企业事件/实验,其他（行为/市场微观结果）
CIE-016,中国工业经济,小规模纳税人自开专用发票与企业吸纳就业——基于公平市场环境的视角,小规模纳税人自开增值税专用发票,国内政策/制度,就业/收入分配/共同富裕
CIE-017,中国工业经济,贸易政策不确定性、供应链暴露网络与全球违约风险——来自异质性空间自回归模型的新证据,贸易政策不确定性,外国政策/外需,供应链/产业链安全
CIE-018,中国工业经济,头部企业数字化转型、创造性破坏与制造业生产率,头部企业数字化发展,技术冲击,其他（行为/市场微观结果）
CIE-019,中国工业经济,制度型开放创新与企业碳负担——来自自由贸易试验区的经验证据,自由贸易试验区制度创新,国内政策/制度,科技创新/新质生产力
CIE-020,中国工业经济,数据要素市场化、数商发展与实数融合,数据要素市场化政策建设,国内政策/制度,其他（行为/市场微观结果）
CIE-021,中国工业经济,企业参与电商平台的就业效应及其机理,企业加入电商平台,市场/企业事件/实验,就业/收入分配/共同富裕
CIE-022,中国工业经济,大语言模型冲击与高等教育远期暴露率：测度方法、就业效应与满意度分析,大语言模型技术冲击,技术冲击,就业/收入分配/共同富裕
CIE-023,中国工业经济,货币政策不确定性、耐心资本与企业战略韧性,货币政策不确定性,宏观/信息冲击,防风险/地方债/金融稳定
CIE-024,中国工业经济,城市地铁建设热潮下的企业投资——兼论房地产周期变化的异质影响,地铁站点开通,国内政策/制度,其他（行为/市场微观结果）
CIE-025,中国工业经济,AI治理如何赋能企业价值创造——基于“人—机”委托代理关系视角,AI治理政策,国内政策/制度,其他（行为/市场微观结果）
CIE-026,中国工业经济,算法交易与市场公平：来自尾盘价格操纵的证据,算法交易应用,技术冲击,其他（行为/市场微观结果）
CIE-027,中国工业经济,共同富裕进程中的数字政府建设：政务服务均等化与县域经济发展的视角,数字政府建设,国内政策/制度,就业/收入分配/共同富裕
CIE-028,中国工业经济,银行政府采购暴露对非采购企业信贷的影响——基于财政工具的货币效应视角,银行对政府采购的暴露,市场/企业事件/实验,防风险/地方债/金融稳定
CIE-029,中国工业经济,产业转移如何促进企业异地合作创新——基于产业链供应链优化视角,产业转移示范区政策,国内政策/制度,科技创新/新质生产力
CIE-030,中国工业经济,产业政策如何影响供应链关系变动——基于供应商转换机制的分析,产业政策支持变化,国内政策/制度,供应链/产业链安全
CIE-031,中国工业经济,城市商业银行合并与地方政府债务结构调整——基于财政金融协同的视角,地级城市商业银行合并为省级银行,国内政策/制度,防风险/地方债/金融稳定
CIE-032,中国工业经济,技术封锁下的供应链重构与中国创新路径分化,美国出口管制实体清单,外国政策/外需,科技创新/新质生产力
CIE-033,中国工业经济,科技规划驱动企业自主创新能力提升的路径与效应,国家中长期科技规划实施,国内政策/制度,科技创新/新质生产力
CIE-034,中国工业经济,税收优惠何以有效促进小微企业低碳发展——基于群聚—双重差分模型的经验证据,小微企业所得税减半征收,国内政策/制度,绿色低碳/生态
CIE-035,中国工业经济,税收优惠靶向供给与资本要素流动——来自税务服务专员制度的证据,税务服务专员制度,国内政策/制度,财政税收治理/公共服务
CIE-036,中国工业经济,人工智能技术创新与贸易比较优势跃迁,人工智能技术创新,技术冲击,科技创新/新质生产力
CIE-037,中国工业经济,服务业开放与企业进口供应链结构调整——基于核心与非核心中间品分层采购的证据,服务业开放,国内政策/制度,供应链/产业链安全
CIE-038,中国工业经济,劳动者增收与企业出口调整——基于用工成本群聚效应的证据,最低工资标准,国内政策/制度,就业/收入分配/共同富裕
CIE-039,中国工业经济,金融科技创新如何赋能银行普惠金融——来自小微企业创业的证据,小微支行设立及银行金融科技创新,技术冲击,科技创新/新质生产力
CIE-040,中国工业经济,政府采购全流程电子化与企业跨区域竞争,政府采购全流程电子化改革,国内政策/制度,统一大市场/营商环境/市场活力
CIE-041,中国工业经济,人工智能如何影响管理层角色演变,人工智能应用,技术冲击,其他（行为/市场微观结果）
CMJJ-001,财贸经济,“软环境”如何提供“硬支撑”——税收“放管服”改革推动小微企业发展的经验证据,税收“放管服”改革,国内政策/制度,其他（行为/市场微观结果）
CMJJ-002,财贸经济,寓治理于平稳：评税技术与企业异常房产投资,房地产评税技术试点,国内政策/制度,财政税收治理/公共服务
CMJJ-003,财贸经济,府际协作何以促进企业跨区域对口投资,东西部协作及东北对口合作,国内政策/制度,统一大市场/营商环境/市场活力
CMJJ-004,财贸经济,个人隐私数据保护与中国企业全要素生产率,个人隐私数据保护,国内政策/制度,其他（行为/市场微观结果）
CMJJ-005,财贸经济,打通优惠政策“最后一公里”：公共数据开放与企业政策信息关注,公共数据开放平台设立,国内政策/制度,开放/贸易/外资
CMJJ-006,财贸经济,政府引导基金可得性与企业数字化转型——基于耐心资本视角的分析,政府引导基金可得性,国内政策/制度,其他（行为/市场微观结果）
CMJJ-007,财贸经济,制造业空间集聚与出口韧性,2008年国际金融危机,外国政策/外需,防风险/地方债/金融稳定
CMJJ-008,财贸经济,民营经济支持政策与企业满意度,民营经济支持政策强度,国内政策/制度,其他（行为/市场微观结果）
CMJJ-009,财贸经济,支付的心理学：移动支付如何通过降低支付疼痛刺激冲动消费,消费者使用移动支付,技术冲击,扩内需/消费
CMJJ-010,财贸经济,工业机器人使用、婚姻关系与少子化趋势,工业机器人使用,技术冲击,其他（行为/市场微观结果）
CMJJ-011,财贸经济,财政资金如何引导地方政府促进小微企业创新,小微企业创业创新基地城市示范,国内政策/制度,科技创新/新质生产力
CMJJ-012,财贸经济,经济预期不确定性与货币政策效应,经济预期不确定性及货币政策冲击,宏观/信息冲击,其他（行为/市场微观结果）
CMJJ-013,财贸经济,寓公平于竞争：交通基础设施升级、竞争促进与劳动收入份额,高铁开通,国内政策/制度,就业/收入分配/共同富裕
CMJJ-014,财贸经济,并购对企业劳动力市场势力的影响,企业并购交易,市场/企业事件/实验,就业/收入分配/共同富裕
CMJJ-015,财贸经济,春风化雨育新苗：新型城镇化建设与农业转移人口的家庭教育期望,新型城镇化试点,国内政策/制度,财政税收治理/公共服务
CMJJ-016,财贸经济,省以下财政体制改革与共同富裕：基于省级统筹调控的视角,省直管县财政改革,国内政策/制度,就业/收入分配/共同富裕
CMJJ-017,财贸经济,高新技术企业认定、财税激励与企业债务融资,高新技术企业认定,国内政策/制度,防风险/地方债/金融稳定
CMJJ-018,财贸经济,银行业监管处罚的非预期效应,银行监管处罚,国内政策/制度,其他（行为/市场微观结果）
CMJJ-019,财贸经济,算力基础设施对实数产业技术融合的影响,算力基础设施建设,国内政策/制度,其他（行为/市场微观结果）
CMJJ-020,财贸经济,排污许可监管能否促进绿色低碳产业布局——来自环境经济地理视角的宏观与微观证据,排污许可政策实施,国内政策/制度,绿色低碳/生态
CMJJ-021,财贸经济,国家重点生态功能区与生态企业入驻,国家重点生态功能区政策,国内政策/制度,绿色低碳/生态
CMJJ-022,财贸经济,FTA知识产权条款质量、技术溢出效应与企业创新网络,自由贸易协定知识产权条款质量,外国政策/外需,科技创新/新质生产力
CMJJ-023,财贸经济,税收“放管服”改革与企业税负的动态调整,2017年税收“放管服”改革,国内政策/制度,财政税收治理/公共服务
CMJJ-024,财贸经济,气候风险转移与企业适应性投资：来自中国上市公司跨境并购的证据,物理气候风险上升,自然/历史/空间,防风险/地方债/金融稳定
CMJJ-025,财贸经济,电商直播是否促进居民消费——“锦上添花”还是“雪中送炭”,电商直播发展,技术冲击,扩内需/消费
CMJJ-026,财贸经济,政策扶持的链上传导效应：下游产业政策支持与企业高质量创新,下游行业产业政策支持,国内政策/制度,科技创新/新质生产力
CMJJ-027,财贸经济,增值税行业性优惠如何赋能企业发展——以加计抵减政策扩围改革为例,2023年增值税加计抵减扩围,国内政策/制度,财政税收治理/公共服务
CMJJ-028,财贸经济,资本市场注册制改革与同行企业普通雇员工资调整——基于劳动者福利溢出的理论视角,同行企业科创板注册上市,市场/企业事件/实验,就业/收入分配/共同富裕
CMJJ-029,财贸经济,人工智能暴露对中国城市零工工资的影响,人工智能职业暴露,技术冲击,就业/收入分配/共同富裕
CMJJ-030,财贸经济,未雨绸缪：人工智能冲击下的家庭储蓄,人工智能及机器人技术冲击,技术冲击,其他（行为/市场微观结果）
CMJJ-031,财贸经济,政务服务信息化何以影响市场活力——基于企业进入与退出视角的考察,信息惠民国家试点城市,国内政策/制度,统一大市场/营商环境/市场活力
CMJJ-032,财贸经济,宏观经济结构视角下财政支出乘数变化的原因探析：新解释与新对策,财政支出冲击及宏观结构差异,宏观/信息冲击,财政税收治理/公共服务
CMJJ-033,财贸经济,“链”式反应：增值税自我执行机制与税收执法非对称溢出,针对上市公司的税收执法,国内政策/制度,供应链/产业链安全
CMJJ-034,财贸经济,迎合抑或治理？境内分拆上市规定与企业关联担保行为,2019年境内分拆上市规定,国内政策/制度,其他（行为/市场微观结果）
CMJJ-035,财贸经济,数据要素集聚与企业创新持续性：兼论市场势力的边界条件,国家级大数据综合试验区,国内政策/制度,科技创新/新质生产力
CMJJ-036,财贸经济,保基本民生视角下退休家庭的生活成本影响研究：需求系统与价格指数,退休及消费品价格变动,国内政策/制度,其他（行为/市场微观结果）
CMJJ-037,财贸经济,公共养老服务能提振农村老年家庭消费吗,居家和社区养老服务改革试点,国内政策/制度,扩内需/消费
CMJJ-038,财贸经济,算法凝视下的企业策略性信息披露：来自监管科技应用的证据,地方证监局应用科技监管系统,国内政策/制度,其他（行为/市场微观结果）
CMJJ-039,财贸经济,科技金融支持专精特新企业出海的机制与优化路径研究,地级市科技支行供给,市场/企业事件/实验,其他（行为/市场微观结果）
CMJJ-040,财贸经济,财政压力与公共安全风险,土地市场降温导致地方财力紧缩,国内政策/制度,防风险/地方债/金融稳定
CMJJ-041,财贸经济,鼓励型产业政策与配套税收优惠的联动效应,2014年西部新增鼓励类产业目录,国内政策/制度,财政税收治理/公共服务
CMJJ-042,财贸经济,创新开放政策一致性与企业空间布局,自主创新示范区和自由贸易试验区联动,国内政策/制度,科技创新/新质生产力
CMJJ-043,财贸经济,县域新型城镇化、家庭化迁移与家庭消费——基于中西部地区的分析,县域新型城镇化建设试点,国内政策/制度,扩内需/消费
CMJJ-044,财贸经济,数字经济的网络效应如何改变货币政策对消费的影响,货币政策冲击,宏观/信息冲击,扩内需/消费
CMJJ-045,财贸经济,新增债务限额提前下达与地方政府预算执行进度治理,2018年底提前下达新增债务限额,国内政策/制度,防风险/地方债/金融稳定
CMJJ-046,财贸经济,企业社保综合降费与劳动收入份额,2019年社保综合降费,国内政策/制度,就业/收入分配/共同富裕
CMJJ-047,财贸经济,加强银行债权司法保护能否促进消费信贷扩张：来自大数据查控系统建立的证据,法院“点对点”大数据查控系统建立,国内政策/制度,扩内需/消费
CMJJ-048,财贸经济,中国银行业“向绿而行”：绿色债券的环境效益与发行动力研究,银行发行绿色债券,市场/企业事件/实验,绿色低碳/生态
CMJJ-049,财贸经济,自由贸易试验区制度创新与企业外资股权变动,自由贸易试验区制度创新,国内政策/制度,科技创新/新质生产力
TAX-001,税务研究,研发费用加计扣除政策对企业合作创新的影响——基于A股上市公司的经验证据,研发费用加计扣除政策,国内政策/制度,科技创新/新质生产力
TAX-002,税务研究,环境保护税能提升重污染行业的资源配置效率吗？,2018年环境保护税实施及税额提标,国内政策/制度,财政税收治理/公共服务
TAX-003,税务研究,研发费用加计扣除对企业人力资本结构升级的影响,研发费用加计扣除政策,国内政策/制度,科技创新/新质生产力
TAX-004,税务研究,税收营商环境优化提升企业劳动收入份额的实证分析,税收“放管服”改革试点,国内政策/制度,就业/收入分配/共同富裕
TAX-005,税务研究,税收征管数字化与企业“伪创新”治理——来自研发策略性迎合的证据,金税三期试点,国内政策/制度,科技创新/新质生产力
TAX-006,税务研究,个人所得税改革对提升生育意愿的效应分析,2019年个人所得税改革,国内政策/制度,财政税收治理/公共服务
TAX-007,税务研究,研发费用加计扣除政策对企业数字技术创新的影响探析,2016年研发加计扣除政策调整,国内政策/制度,科技创新/新质生产力
TAX-008,税务研究,增值税留抵退税与企业债务优化：理论机制及政策效应,2018年增值税留抵退税,国内政策/制度,防风险/地方债/金融稳定
TAX-009,税务研究,出口退税率对正规与非正规就业选择的影响,2008—2009年出口退税率上调,国内政策/制度,就业/收入分配/共同富裕
TAX-010,税务研究,研发费用加计扣除政策与新质生产力：效应评估、机制分析和政策优化,研发费用加计扣除政策,国内政策/制度,科技创新/新质生产力
TAX-011,税务研究,个人所得税改革对家庭消费结构升级的影响——基于QUAIDS模型和支出弹性视角的实证分析,2019年个人所得税改革,国内政策/制度,扩内需/消费
FISC-001,财政研究,省以下财政体制改革何以激发县域种粮贡献——基于省直管县财政体制改革的准自然实验,省直管县财政体制改革,国内政策/制度,财政税收治理/公共服务
FISC-002,财政研究,绿色税收优惠如何促进企业高质量发展,绿色税收优惠,国内政策/制度,绿色低碳/生态
FISC-003,财政研究,财政政策沟通的信号效应：基于股票市场异质性预期的研究,财政政策沟通信号,宏观/信息冲击,财政税收治理/公共服务
FISC-004,财政研究,低碳供应链视角下的留抵退税政策效应研究,增值税留抵退税政策,国内政策/制度,供应链/产业链安全
FISC-005,财政研究,分权赋能如何驱动绿色引资？——基于“省直管县”改革的影响研究,省直管县改革,国内政策/制度,绿色低碳/生态
FISC-006,财政研究,国有企业利润上缴对企业内部收入不平等的影响,央企利润上缴比例调整,国内政策/制度,就业/收入分配/共同富裕
FISC-007,财政研究,碳价波动、宏观经济稳定与财政金融政策协同,碳价波动冲击,宏观/信息冲击,绿色低碳/生态
FISC-008,财政研究,要素收入份额对财政支出乘数的影响研究,财政支出冲击,宏观/信息冲击,就业/收入分配/共同富裕
FISC-009,财政研究,省直管县财政体制改革、绿色转型发展与生物多样性保护,省直管县财政改革,国内政策/制度,绿色低碳/生态
FISC-010,财政研究,减税、经济增长潜力涵养与财政可持续性,减税政策及税负变化,国内政策/制度,财政税收治理/公共服务
FISC-011,财政研究,政府间支出责任划分与义务教育优质均衡发展,2016年城乡义务教育经费保障改革,国内政策/制度,财政税收治理/公共服务
FISC-012,财政研究,“薄改”专项转移支付的资源配置与均衡效应,农村义务教育薄弱学校改造资金,国内政策/制度,财政税收治理/公共服务
FISC-013,财政研究,地方人大预算监督民主化与居民幸福感,民生实事项目人大代表票决制改革,国内政策/制度,财政税收治理/公共服务
FISC-014,财政研究,常态化财会监督体系建设与融资平台债务风险,2020年财会监督改革试点,国内政策/制度,防风险/地方债/金融稳定
FISC-015,财政研究,税制改革与企业要素税负,营改增,国内政策/制度,财政税收治理/公共服务
FISC-016,财政研究,国家大基金如何培育新质生产力,国家集成电路产业投资基金投资,国内政策/制度,科技创新/新质生产力
FISC-017,财政研究,从“激励错配”到“权责适配”：论投资于人导向下央地财政关系的调整,2016年以来财政事权与支出责任改革,国内政策/制度,财政税收治理/公共服务
FISC-018,财政研究,“首违少罚”政策对税收优惠落地的影响研究,税务“首违少罚”政策,国内政策/制度,财政税收治理/公共服务
FISC-019,财政研究,环保体制改革中的事权调整与支出责任相适应关系研究,2016年环保垂直管理改革,国内政策/制度,其他（行为/市场微观结果）
FISC-020,财政研究,气候变化如何影响企业纳税行为,气候变化,自然/历史/空间,财政税收治理/公共服务
FISC-021,财政研究,“双碳”目标下财政金融政策协同的减排效应,2017年以来绿色信贷贴息政策,国内政策/制度,绿色低碳/生态
FISC-022,财政研究,贫困县“摘帽”、地价变动与政府土地出让策略,贫困县脱贫摘帽及县域边界,国内政策/制度,其他（行为/市场微观结果）
FISC-023,财政研究,预期管理、增值税立法信号与企业研发,2019年增值税法征求意见稿信号,国内政策/制度,科技创新/新质生产力
FISC-024,财政研究,从“援助之手”到“市场之手”：预算约束硬化如何重塑资本流动格局,2014年地方政府债务管理改革,国内政策/制度,财政税收治理/公共服务
FISC-025,财政研究,数据驱动下的税收治理效能研究：来自数电发票的证据,数电发票推广,国内政策/制度,财政税收治理/公共服务
