SrcDatabase-来源库,Title-题名,Author-作者,Organ-单位,Source-文献来源,Keyword-关键词,Summary-摘要,PubTime-发表时间,Fund-基金,Year-年,Volume-卷,Period-期
期刊,个人养老金应急领取情形下税收规则的优化探析,蒋辉宇;                   周忠言,安徽财经大学法学院;,税务研究,个人养老金;;应急领取;;个人所得税;;EET模式;;税收优惠,由于个人养老金配套的“比例税率+EET模式”税收规则存在弊端，对其进行改革逐渐成为学术界共识。通过对满足个人养老金领取条件的参加人进行类型化研究可以发现，对四类因存在现实困难而应急领取个人养老金的参加人适用同样的税率和征税模式，既难以发挥现行税制的优势，又面临着差异化税收优惠缺失带来制度价值导向的协同偏差、适用比例税率的公平性适配不足、EET模式产生多重困境等新挑战。个人养老金应急领取情形下税收规则的优化，不但有利于积极应对当前税制面临的挑战，而且能够在波及甚微的情况下为税收规则的后续改革积累经验。鉴于此，建议参照当前3%的税率和在采用EET模式的基础上，构建针对不同类型应急领取主体的梯度化税收优惠安排。,2026-09-01,国家社会科学基金一般项目“注册制全面推行背景下我国资本市场法律制度完善研究”（项目编号：21BFX120）的阶段性研究成果,2026,,9
期刊,企业社保综合降费与劳动收入份额,杜鹏程;              刘屾;                   王姝勋,首都经济贸易大学经济学院;首都经济贸易大学金融学院;,财贸经济,社保综合降费;;劳动收入份额;;技能结构升级;;初次分配,完善社会保险制度以切实降低企业社保缴费负担，是优化初次分配格局进而推进共同富裕的关键举措。本文基于资本-技能互补框架构建了包含异质性劳动力需求的要素收入分配决定模型，从理论层面剖析兼顾“降费率”和“降费基”的企业社保综合降费改革影响劳动收入份额的作用机制，并借助2019年实施的《降低社会保险费率综合方案》这一“准自然实验”进行实证检验。结果显示，社保综合降费改革明显提升了企业劳动收入份额，且这一促进效应在社保基金平衡压力大、人力资本丰裕度高的地区和劳动密集型企业中更加明显。机制分析结果表明，企业社保缴费规范度提升、员工薪酬福利增加和技能结构升级是社保综合降费改革促进企业劳动收入份额提升的重要渠道。本文还发现，“降费基”对企业劳动收入份额提升具有更强的解释力，且“降费率”的收入分配效应受到费基约束条件的调节，费率与费基的协同调整产生了超越单一工具的提升效果。同时社保综合降费使得普通员工更多分享降费福利，有效缩小了企业内部收入差距。本文为完善我国企业社会保险制度以持续增加劳动者收入、优化初次分配格局提供了微观证据。,2026-08-26 10:52,国家自然科学基金面上项目“中国企业实际税负的形成机制分析及其政策治理效应研究”（72373103）;国家自然科学基金青年项目“证券市场民事赔偿制度改革的治理效应研究”（72303159）,2026,47,9
期刊,城乡居民医疗保险的参保激励与可持续保障研究,封进;                   单博闻,复旦大学经济学院;,经济研究,居民医保参保;;医保可持续性;;不一致选择;;逆选择,我国居民医保参保率已经较高，但存在参保动员成本高、催缴难的问题，需要提升参保的内在激励，并促进医保基金运行的可持续性。本文基于我国居民医保参保中的不一致选择行为，论证参保激励措施的效果。文章检验了不一致选择的存在，即同样的现金支出，保费比预期自付医疗费用对人们参保选择的影响更大。健康较好的低风险人群的不一致选择更普遍，且该群体的不一致选择降低了参保中的逆选择。收入较低群体的不一致选择主要受收入约束。政府动员增强了低风险人群的不一致选择，但减弱了低收入群体的不一致选择。模拟表明，在完全理性选择下，对低风险人群降低保费比提高医保待遇更能促进其参保，更有利于医保基金收支平衡。此外，按照家庭人均可支配收入确定保费对整体参保率提升有限，高收入群体参保率有所下降，但能显著减轻低收入群体的缴费负担，提升其参保积极性。本文的发现为加强居民医保参保激励、实现可持续的全民医保提供了参考。,2026-08-20,国家自然科学基金项目（72334002）的资助,2026,61,8
期刊,生产技术变革、企业社保缴费与社保基金可持续性,李建军;              吴周易;                   吴亚萍,西南财经大学财政税务学院;南京审计大学金融学院;南京审计大学经济与金融研究院;,经济研究,生产技术变革;;工业机器人;;社会保障;;可持续性,机器替代人的生产方式变革，冲击着以稳定劳动关系和劳动收入报酬作为社保缴费基础的传统社保筹资机制，削弱社会保障的可持续性。本文利用全国税收调查数据匹配工业机器人渗透度，系统考察了机器人使用对企业社会保险缴费的影响及其作用机制，并讨论了增强社会保险基金可持续性的可能路径。研究表明，机器人使用会通过劳动替代效应缩减企业劳动雇佣规模和缴费基础，同时也会通过工资收入效应提高企业社会保险缴费，但就业替代效应占主导地位，最终表现出对企业社保缴费的负向作用。进一步研究发现，机器人使用会通过就业再配置效应，推动劳动力流向服务业和非正规就业部门，但由于服务业部门社会保险缴费规范性较低、灵活就业群体社会保险缴费连续性较弱，新增就业并未同步形成稳定的社会保险缴费增量，最终总体上仍表现为参保人数和社保基金收入下降。为增强社保可持续性，在短期内应提高缴费规范性，增强财政支持力度；长期来看，仍需优化社会保险筹资模式，构建与生产技术变革相适应的社会保障体制和管理机制。,2026-08-20,国家社会科学基金重大项目（23&ZD064）的资助,2026,61,8
期刊,社保缴费基数限额下调的稳就业与促投资效应研究——来自社平工资统计口径调整的证据,唐珏;              翁晓玉;              黄永颖;                   谢强,上海财经大学公共管理学院;上海财经大学中国式现代化研究院;武汉大学经济与管理学院;浙江工商大学经济学院;,管理世界,社会保险;;缴费基数;;就业;;投资,完善要素价格机制对于充分释放市场潜力具有重要价值。社保缴费基数限额大幅提高了企业雇佣低工资职工的成本，对劳动力价格造成扭曲。2019年中央政府要求采用全口径职工平均工资确定社保缴费基数限额，部分地区基数限额因此下调。本文利用这一外生冲击，研究发现该政策使人均劳动力成本下降2.38%，企业雇佣职工数量因此增加3.86%，对应劳动力需求弹性为1.62。降低劳动力成本和缓解融资约束是基数限额下调能起到稳就业效果的重要机制，且稳就业效应在工资低、社保缴费遵从度高和小企业组别中更大。基数限额下调后，企业投资概率和投资强度都会显著上升。无论是促投资还是稳就业，这都是由下调缴费基数下限驱动。本文还发现，基数限额下调不仅不会使社保基金的收入下降，还能提高政府财政补贴社保基金的能力。上述结论表明，对社保缴费基数限额进行改革，不仅事关完善社保制度，也有助于优化劳动力要素价格机制，从而释放市场潜力。,2026-08-05,"国家自然科学基金项目（基金号：72574134）;;
国家社科基金重大项目（基金号：24ZDA089）的资助",2026,42,8
期刊,养老保险缴费率下降的工资弹性之谜——兼论积极财政政策精准发力的路径,何凡;              李文健;                   张熠,江西财经大学财政税务学院;江西财经大学财经数据科学教育部哲学社会科学实验室（培育）;浙江大学经济学院;上海财经大学公共管理学院;,管理世界,养老保险缴费率;;劳动力工资;;融资约束;;积极财政政策,财政政策如何提质增效以更好地推动经济稳定增长是今后一段时期我国财政工作的重点。费尔德斯坦（1999）以来的经典研究指出收入弹性是政策评估的关键统计量。现有研究普遍发现我国社保降费的工资收入弹性显著大于1，不仅大于国际主流文献的发现，也不能被经典的社保缴费归宿理论所解释。本文通过理论分析和基于我国2019年大规模养老保险缴费率下调的实证研究对我国工资收入弹性之谜进行了回答，弥补了现有研究的不足。理论上，本文通过在经典模型中引入内生的融资约束，解释了工资收入弹性大于1的现象，并指出融资约束与收入弹性之间可能存在倒U形关系。本文利用手工收集的2016～2023年我国各城市法定缴费率和微观企业数据，并通过构建双重差分模型在实证层面对理论分析的假说进行了验证，发现养老保险缴费率每降低1个百分点，劳动力工资收入增加2.18%，融资约束的差异很好地解释了企业间的弹性差异。此外，本文发现融资约束还显著放大了缴费率下降对劳动力雇佣和投资的激励效应。养老保险缴费率每降低1个百分点，企业劳动力雇佣和投资规模分别扩大2.47%和7.04%。本文解释了我国社保降费的工资弹性之谜，拓展了社保缴费归宿理论与实证研究，并指出有针对性地降低企业融资约束是实现财政政策提质增效的重要途径。,2026-08-05,"国家自然科学基金项目（基金号：72304119、72373133、72174114、72003198、72564020）;;
国家社会科学基金重大项目（基金号：24&ZD154）;;
江西省高校人文社会科学研究项目（基金号：JJ23220）;;
江西省自然科学基金青年项目（基金号：20242BAB20014）的资助",2026,42,8
期刊,税收公平与区域协调发展——来自养老保险缴费率调整的证据,何凡;              黄添羽;              刘庆;                   周玉雯,江西财经大学财政税务学院;北京大学国家发展研究院;中南财经政法大学财政税务学院;,经济研究,税收公平;;区域协调发展;;税收竞争;;养老保险缴费率,健全有利于社会公平的税收制度是我国新一轮财税体制改革的重点。长期以来，地方政府间的税费竞争加剧了区域经济不平衡，不利于区域协调发展战略的实施和共同富裕目标的实现。理论上，推进税费公平是抑制税费竞争负面效应的有效路径，但鲜有研究关注税收公平的区域协调发展效应。本文构建地区间税费竞争与协调理论模型，分析发现实现税费公平有助于推动区域协调发展。同时，基于养老保险缴费的经济作用与工资税等价的理论逻辑以及我国经济越发达地区养老保险缴费率越低的事实，借助2019年地区间养老保险缴费率差距缩小的外部冲击，对税收公平的区域协调效应进行了因果识别。实证结果表明，养老保险缴费公平显著缩小了欠发达地区与发达地区的发展差距，促进了区域协调发展。机制检验结果显示，促进欠发达地区在位企业发展，增强其对资本和劳动力等生产要素的吸引力，优化区域间资源配置效率，并最终推动欠发达地区经济发展是养老保险缴费差距缩小推动区域协调发展的重要机制。本文研究不仅为我国推进新一轮财税体制改革提供了有益启示，也为深入实施区域协调发展战略提供了新的思路。,2026-05-20,"国家自然科学基金青年项目（72304119）、国家自然科学基金面上项目（72373003）;;
教育部人文社会科学研究青年基金项目（24YJC790113）的资助",2026,61,5
期刊,经济高质量发展视角下我国促进就业的税费政策探讨,张译文;              杨一帆;                   忻祖能,中国财政科学研究院;英国格拉斯哥大学教育学院;国家税务总局嘉兴市税务局;,税务研究,高质量发展;;就业;;税费政策;;税收优惠;;社会保险费,就业是民生之本，关乎一国的稳定和发展。税费政策作为国家宏观调控的重要工具，在促进就业方面始终扮演着重要角色。经济高质量发展的创新驱动、协调均衡、绿色转型与民生共享等核心诉求，推动传统就业税费政策体系的系统性重构。本文基于现行税费政策促进就业的现状和问题，对经济高质量发展视角下促进就业的税费政策提出推动激励导向从“普惠”转向“精准”以引导资源优化配置，推动政策设计从“重物”转向“重人”以激发人力资本投资活力，推动政策覆盖从“传统”拓展至“包容”以支持多元化就业形态，加强政策“协同性”与“稳定性”以构建长期激励体系等建议。,2026-04-01,,2026,,4
期刊,社会保障支出的累进性、排序改变与收入分配效应,寺林嘎;              王中华;                   白彦锋,内蒙古财经大学财政税务学院;中国人民大学财政金融学院;中南财经政法大学财政税务学院;中央财经大学财政税务学院;,经济研究,社会保障支出;;养老金;;累进性;;排序改变,社会保障支出作为民生保障安全网和收入分配调节器，对于维护经济社会稳定运行具有重要作用。然而，关于我国社会保障支出能否缩小居民收入差距，现有研究尚未达成共识。本文利用2023年中国家庭收入调查数据，基于统一的再分配效应分析框架，系统评估社会保障支出的累进性和排序改变效应，为解释相关争议提供新的视角和经验证据。研究发现：第一，我国社会保障支出整体上有利于缩小居民收入差距，但其累进性取决于收入参照基准的设定。若以转移前收入为基准，社保支出是累进的；若以转移后收入为基准，社保支出则是累退的。第二，排序改变是理解上述累进性差异的关键。社会保障支出显著改变了居民收入排序，导致低收入群体的界定对参照基准选择较为敏感。第三，基本养老保险制度间待遇差距是引起排序改变的重要因素。本文研究对于加快健全公平统一的社会保障体系、提升制度的再分配功能以及实现共同富裕目标具有重要政策意义。,2026-03-20,国家社会科学基金青年项目（25CJY042）的资助,2026,61,3
期刊,2025年税收征管研究综述,李平,国家税务总局税收科学研究所;,税务研究,,<正>2025年，全国税务系统坚决贯彻落实习近平总书记关于税收工作的重要论述和重要指示批示精神，一体推进依法治税、以数治税、从严治税，着力建设效能税务，深入实施数字化转型下的税费征管“强基工程”，高质量推进中国式现代化税务实践迈出坚实步伐。财税研究者们心怀学术热忱、肩负使命担当，围绕深化税收征管改革、数字经济税收征管、社会保险费和非税收入征管、优化纳税服务等领域深化研究，取得了较为丰硕的研究成果。,2026-03-01,国家社会科学基金青年项目“数字经济赋能地方财政韧性的影响机制与提升路径”（项目编号：24CJY028）的阶段性研究成果,2026,,3
期刊,中国社保基金增收的微观机制与适应策略——来自缴费基数限额调整的证据,黄永颖;              黄保聪;              张克中;                   黄炜,武汉大学经济发展研究中心;四川大学经济学院;海南大学国际商学院;北京大学中国经济研究中心;北京大学国家发展研究院;,经济研究,养老保险;;基数限额调整;;机制效应;;行为效应;;适应策略,中国企业职工基本养老保险基金的收入规模持续增加，同时低收入群体的缴费意愿却下滑较为明显，鲜有文献从基数调整的视角提供相关的理论解释和因果证据。本文基于应税收入弹性理论的经典框架，利用中国城镇住户调查月度数据和基数调整的月份差异构造双重差分模型，试图对中国企业职工基本养老保险基金增收的微观机制与适应策略展开研究。结果发现，提高养老保险缴费基数下限使基金收入总体上增加约2.55%，这主要源于基数申报标准的提高（机制效应），但同时也会降低下限遵从概率（行为效应），两种效应的具体表现与职工年龄、技能水平和缴费压力等个体特征紧密相关。进一步的缴费分担研究表明，基数下限调整引致的缴费增加主要由低收入群体承担，并促使企业采取“低增高减”的基数申报策略。反事实估计发现，通过实施不同类型的做实缴费基数政策，可以进一步将提高基数下限的基金促收效应提升到样本均值的10.98%—59.80%。为了缓解做实缴费基数可能引发的负向效应，地方政府可以通过完善缴费基数政策、调整单位费率和强化征管统筹等策略进行积极应对。研究结论对“十五五”时期健全社会保障基金长效筹集机制，促进社会保障事业高质量发展具有重要的政策意义。,2026-01-20,国家社会科学基金重大项目(23ZDA097)的资助,2026,61,1
期刊,职工基本养老保险、便携效率与动态博弈改进,路锦非;                   韩易辰,华东师范大学公共管理学院;华东师范大学中国普惠养老金融研究中心;华东师范大学统计学院;,管理世界,职工基本养老保险;;便携效率;;三方博弈;;制度改进,职工基本养老保险便携效率是制度效率的重要内容，影响制度可持续性，也是推进完善全国统筹的关键。我国属地化管理的基本养老保险制度遭遇劳动力流动的常态化国情，制度便携效率问题日益突出。本文采用焦点面上调研发现和提炼研究问题，在对现行制度内核的关键矛盾分析基础上，构建三方跨期动态演化博弈理论模型，刻画职工基本养老保险转移中转出地政府、转入地政府、流动职工三方主体的损益格局与策略互动，求解博弈均衡；引入数值模拟描画随时间推移三方主体间的博弈动态演化轨迹。研究发现，现行政策下转出地、转入地和流动职工三方均遭受权益损失，呈现“多输”困境，且来自转入地的便携阻碍更大，制度便携效率不佳。“工龄歧视”效应和“福利负担”效应是影响各方理性决策的关键作用机制。本文提出创新制度运行框架，构建新三方关系，变“多输”为“三赢”，解决便携性效率损失。本研究有助于厘清和解决职工基本养老保险转移的便携效率问题，对破解我国人力资本大规模流动背景下养老权益流动阻滞难题提供政策启示。,2026-01-05,"国家自然科学基金项目（批准号72174064）的阶段性研究成果;;
中央高校基本科研业务费项目华东师范大学文理交叉跨学科培育项目（批准号2025ECNU-WLJC006）的成果",2026,42,1
期刊,养老保险待遇不确定性对家庭储蓄及金融资产结构的影响,封进;                   韦思源,复旦大学经济学院;,金融研究,养老金融;;多支柱养老保险;;家庭储蓄;;家庭资产配置,构建多层次、多支柱的养老保险体系，是应对人口老龄化挑战的重要战略举措。多支柱模式在优化养老保险结构的同时，也增加了养老保险待遇的不确定性。在理论模型分析基础上，本文以2015年机关事业单位养老保险制度改革为政策实验，探讨养老金待遇不确定性对家庭储蓄及金融资产结构的影响。研究发现，改革提升了机关事业单位家庭的储蓄率，降低了家庭风险金融资产配置比例。机制分析表明，养老待遇不确定性，包括职业年金市场化运作及其收益波动是驱动上述效应的主要因素，而改革对养老金财富及税后工资的影响不显著。本文对完善多层次多支柱养老保险体系、引导长期资本形成以及缓解居民过度储蓄提供了政策启示。,2025-12-15,国家社科基金重大专项发展多层次多支柱养老保险体系的制度供给研究(24ZDA089)的阶段性成果,2025,,12
期刊,个人养老金税收优惠模式的局限与改革,郑秉文;                   刘鹏,辽宁大学中国商务发展研究院(北京);北京市昌平区经济和信息化局;,税务研究,个人养老金;;税收优惠;;个人所得税;;养老保险,我国个人养老金制度从2022年年底试点到2024年年底全国推广，至今已取得积极成效，尤其在参加人数规模方面超出预期，但在质效上仍面临“怠惰”困境，即缴存人数量、缴存金额和投资比例不理想。税收优惠政策是推动个人养老金制度高质量发展的第一动力，然而，对参加个人养老金制度的个人所得税非纳税人和个人所得税纳税人而言，目前的EET税收优惠模式<sup>1</sup>均会使其产生一定损失。在对“双重损失”进行量化测算的基础上，本文提出实施“EEpT<sup>2</sup>+TEE”双模式以替代现行EET单模式的改革建议，其具体政策含义有二：一是尽快将“完全EET模式”优化调整为“部分EET模式”（EEpT模式），即取消个人养老金领取环节对投资收益的征税，仅对本金征税；二是适时增设TEE模式，旨在消除个人所得税非纳税人参加人的“税收优惠损失”，为中低收入群体多提供一个选择。,2025-12-01,研究阐释党的二十大精神国家社会科学基金重大项目“2035年我国多层次多支柱养老保险体系发展目标与现实路径研究”（项目编号：23ZDA100）的阶段性研究成果,2025,,12
期刊,社会保险费强征管如何影响就业机会,赵颖;              高怡菲;              鲁元平;                   叶菁菁,中南财经政法大学财政税务学院;,经济学(季刊),社会保险费;;强征管;;合规性,"强征管是促进政策遵从的重要方式,现有文献证实了其积极作用,但对其社会成本缺乏认识。本文基于某大型网站2017—2019年企业招聘数据,在社会保险费征收机构移交税务部门的背景下,估计了社保强征管的社会成本。结果发现:(1)强征管使得就业机会减少;(2)其内在机制是在位企业社保缴费负担增加和新进入企业数量减少;(3)就业机会减少的现象具有普遍性特征,不存在各种维度的替代关系;(4)企业增加了对内部劳动力市场的社保合规性,但减少了外部劳动力市场的社保合规性。本研究有助于综合判断社保改革过程中的社会经济效益。",2025-11-30,"国家社会科学基金重大专项(24ZDA087);;
国家自然科学基金项目(72374217、72374218);;
中央高校基本科研业务费专项资金(2722024BY006)的资助",2025,25,6
期刊,收入不确定性与诈骗防范：来自中国城镇家庭的微观证据,高楠;              宫苏瑜;                   马媛媛,中南财经政法大学文澜学院;南开大学经济学院;中南财经政法大学财政税务学院;,财贸经济,收入不确定性;;诈骗受害风险;;协同治理;;风险防范,在安全和发展统筹推进的战略部署下，贯彻总体国家安全观、建设更高水平平安中国，亟须对威胁公共安全的风险进行系统识别与机制解构。本文以诈骗受害风险为研究对象，聚焦个体经济脆弱性对公共安全的影响及其防范路径。基于全国代表性城镇居民微观调查数据，研究发现收入不确定性显著提高了家庭成员的受骗概率和经济损失：收入不确定性每提高1个标准单位，受骗概率提高1.29个百分点，经济损失增加13.77%(2993元)。该结果在控制人口学特征、进行稳健性检验及内生性处理后仍然成立。机制分析表明，收入不确定性通过加剧信贷约束（16.67%的解释力）和提高家庭风险承担意愿（1.39%的解释力）显著提升了个体受骗易感性。异质性分析发现，劳动性收入不确定性对受骗风险的影响更大，数字经济发展在一定程度上削弱了收入不确定性的负面影响，缺乏社会保障和商业保险的家庭更容易受骗，而养老保险在风险对冲中发挥了关键作用。在现有“齐抓共管、群防群治”的源头防治格局下，本文强调，加强风险研判，识别并干预个体层面诈骗风险是完善风险防控体系的重要方向。通过经济预期稳定、风险缓冲能力建设与金融制度普惠性等协同治理路径，可显著增强家庭经济韧性及诈骗识别能力，提升公共安全风险防控的前瞻性与精准性。,2025-10-21 20:15,"国家自然科学基金面上项目“数字安全的多维风险识别与协同共治：理论探索、实证分析与实践转化”（72574242）;国家自然科学基金青年科学基金项目“我国城乡居民大病保险对居民健康和经济福利的联动影响、作用机制和政策优化研究”（72304285）;;
湖北省社会科学重大项目“电信诈骗风险识别和精准防控的理论机制与政策导向”（23ZD133）",2025,46,10
期刊,医保基金监管的震慑效应：理论与实证分析,王贞;              封进;                   刘一恒,复旦大学经济学院;香港中文大学经济系;,管理世界,医疗保险;;基金监管;;震慑效应;;欺诈骗保;;时间断点回归,近年来，我国加强了对基本医疗保险基金的监管，严厉打击基金违规使用行为。然而，由于医疗服务中的信息不对称，建立高效和常态化的基金监管体系仍面临挑战。为此，本文首先构建了医疗机构和医保部门之间的重复博弈模型，并采用时间断点回归分析法，检验国家医保局首次通报欺诈骗保典型案例对医疗服务利用的影响。研究稳健地发现：通报当天，百度“骗保”资讯指数显著提升5倍，表明网络关注度大幅增加；通报后，对于未受稽查的医疗机构，其住院费用和医保支出分别显著下降约24%和21%，住院人次减少约9%，门诊—住院转化率下降3个百分点，体现了基金监管的震慑效应。机制检验表明，通报骗保案例释放了监管力度加强的信号，提高了医疗机构的预期惩罚成本和稽核概率。估算表明，首次案例通报在短期内为医保基金节约了161亿元。本文为中国特色的监督监管体系建设和常态化医保基金监管提供了有益的政策启示。,2025-10-05,国家自然科学基金重点项目“大数据环境下医保资源优化配置的支付机制与政策研究”（基金号：72334002）;国家自然科学基金面上项目“基本医疗保险中欺诈骗保行为识别及监管策略优化研究”（基金号：72473030）;国家自然科学基金青年项目“我国城乡居民基本医保中的道德风险及报销制度优化”（基金号：72003039）的资助,2025,41,10
期刊,社会保险统筹改革与中小企业信贷融资,赵仁杰;              张子尧;                   张文文,西北大学中国西部经济发展研究院;西北大学经济管理学院;中南财经政法大学财政税务学院;湖北经济学院工商管理学院;中南财经政法大学经济学院;,数量经济技术经济研究,养老金统筹;;信贷干预;;中小企业融资,党的二十届三中全会强调要完善民营企业融资支持政策制度，破解融资难、融资贵问题。本文基于信贷挤出视角，利用双重差分法和全国税收调查数据研究了社会保险统筹改革对中小企业融资的影响。研究发现，养老保险统筹层次提升能够有效改善中小企业的银行借款能力，降低其信贷融资成本，对缓解中小企业融资难、融资贵产生了积极作用。机制分析显示，养老保险统筹改革减少了地方政府发行债券和扶持低效企业对中小企业信贷资源的挤占，改善了地方性金融机构对中小企业的信贷支持。异质性分析表明，养老保险统筹对中小企业融资的正向作用主要体现在民营企业上，并且改革前地区受扶持企业越多、银行业竞争程度越大，养老保险统筹对中小企业融资的积极影响越明显。本文不仅揭示了地方政府与商业银行在信贷市场上的互利机制对中小企业融资的影响，还有助于从地方利益角度理解社保基金全国统筹的制约因素，对加快社会保险基金统筹改革促进信贷资源配置和中小企业发展具有重要启示。,2025-09-22 11:03,"国家自然科学基金项目（72203167,72573122,72403253）;;
陕西省社会科学基金项目（2024D001）;;
陕西高校青年创新团队项目和西北大学仲英青年学者项目的资助",2025,42,11
期刊,养老金跨省调剂、保费征缴强度与地方财政收入,曾益;              叶琪茂;                   聂韬,中南财经政法大学公共管理学院;,财政研究,养老保险;;基金跨省调剂;;保费征缴强度;;地方财政收入,2018年和2022年我国相继实施差额调剂模式的中央调剂制度和余缺调剂模式的全国统筹制度等养老金跨省调剂制度。既有研究指出，该制度会降低各省保费征缴强度，扩大养老金收支缺口；但理论上，保费征缴强度下降会减轻企业缴费负担，改善企业现金流，刺激研发投入，从而改善企业经营状况，增加地方财政收入，可用于反哺养老金收支缺口。本文基于2002—2023年省级面板数据，运用强度双重差分法研究发现：第一，养老金跨省调剂制度会显著降低地方政府保费征缴强度，这一效应在基金（净）受益省份更为显著，但在基金（净）贡献省份不显著；第二，差额调剂模式对地方政府保费征缴强度的负向影响程度大于余缺调剂模式；第三，养老金跨省调剂制度通过研发投入增加和经营状况改善实现地方财政收入增加，可以弥补因保费征缴强度下降产生的养老金收支缺口。本文对于科学、准确理解养老金跨省调剂制度的改革成本提供了有益补充，对于规范、有序完善养老保险全国统筹制度具有借鉴意义。,2025-09-05,国家自然科学基金青年项目“职工养老保险全国统筹对地方政府保费征缴行为的影响：机制探讨、实证检验与政策优化”（72304283）;国家自然科学基金专项项目“基本养老保险全国统筹路径与可持续评估”（72441016）,2025,,9
期刊,地方政府激励与社会保险制度改革效果：基于养老保险全国统筹制度设计的研究,唐珏;              封进;                   赵发强,上海财经大学公共管理学院;上海财经大学中国式现代化研究院;复旦大学经济学院;上海国际金融与经济研究院;上海农商银行;复旦大学应用经济学博士后流动站;,经济研究,社会保险;;养老保险;;全国统筹;;征收激励,为缓解区域间城镇职工基本养老保险基金失衡，养老保险全国统筹采用了基金跨省调剂制度。本文发现，由于中央政府与地方政府之间存在信息不对称，跨省调剂制度会改变地方政府的职工基本养老保险征缴规范程度，从而导致企业的职工基本养老保险缴费率下降。由税务部门全责征收职工基本养老保险能有效抑制这一现象，而地方社会保险信息系统接入全国统筹系统的抑制效果较为有限。跨省调剂制度也会使地方政府增加职工基本养老保险基金支出，净调入和净调出地区在职工基本养老保险征缴和基金支出变动上存在异质性。此外，净调入地区放松了非税收入征收力度。本文结论表明，养老保险全国统筹会改变地方政府职工基本养老保险征缴和支出行为，这对职工基本养老保险的征管能力提出了更高要求，从而避免对养老保险基金的长期可持续性造成不利影响。党的二十届三中全会提出，要完善养老保险全国统筹制度，本文可为此提供一定的参考。,2025-08-20,国家社会科学基金重大项目（24ZDA089）的阶段性研究成果,2025,60,8
期刊,缩短社保落户年限提高了企业社保缴费水平,陈斌;              张宗泽;                   吴明琴,华中科技大学经济学院;华中科技大学创新发展研究中心;武汉大学经济发展研究中心;,经济学(季刊),落户条件;;社保参保激励;;企业社保缴费,"本文考察了城市落户所需要缴纳社保的年限要求对企业社保缴费水平的影响。研究发现:缩短社保落户的年限提高了企业社保缴费水平,促使企业为员工缴纳更多的社保;该措施强化了员工的参保意愿,提高了企业的劳动力稳定性和产出水平;在更看重员工发展、劳动密集度更高的企业以及基础教育水平更高的地区,该措施影响更加突出。本文的研究结论为提高企业的社保缴费合规水平、完善全民社保体系提供了政策启示。",2025-07-30,"国家自然科学基金项目(72173049,72473045);;
教育部人文社会科学一般项目(24YJA790074);;
中央高校基本科研业务费专项资金(2022WKZDJC007)的资助",2025,25,4
期刊,社保降费如何影响企业用工结构?——基于正式用工与劳务外包选择视角的分析,韩亚东;              杨丽梅;              邢春冰;                   种聪,浙江工商大学会计学院;北京工商大学商学院;中国人民大学农业与农村发展学院;农业农村部农村经济研究中心;,金融研究,社保降费;;雇佣选择;;劳务外包,本文以2019年社保降费政策实施为准自然实验，通过构建双重差分模型，考察社保降费对企业雇佣选择的影响。研究发现：(1)政策实施后，相较于社保负担较轻的企业，社保压力较大的企业更少地选择劳务外包；(2)社保降费政策存在成本驱动路径，削减正式用工相对于劳务外包的成本劣势，减少对于劳务外包的用工依赖。同时，社保降费政策存在收益驱动路径，政策红利能够强化企业质量管控等长期发展动机，引导企业优先将资源配置至更符合企业长期发展需求的正式员工；(3)社保降费政策的实施促进了企业对于正式员工雇佣、薪酬激励、知识技能以及能力发展方面的投入，有助于提升企业的全要素生产率。此外，社保降费对企业雇佣选择的影响在劳动密集型行业，社保缴费基数负担较大地区以及社保征管强度较高地区的企业中更加明显。本研究为评估社保降费政策的经济效应提供了微观证据，对完善企业用工决策具有一定的参考价值。,2025-07-25,国家社会科学基金青年项目（23CGL059）的资助,2025,,7
期刊,中国社会保险缴费的信用激励效应：来自“银保互动”的经验证据,黄永颖;              高岭;              汪圣国;                   刘贯春,武汉大学经济与管理学院;武汉大学人口资源环境经济研究中心;中山大学岭南学院;中山大学政治经济学研究中心;湖南财政经济学院财政金融学院;,数量经济技术经济研究,社会保险;;信息共享;;社会信用;;融资结构,如何在不影响经济发展的前提下激励企业缴纳更多的社保，实现基金可持续是中国当前亟须解决的重大理论与现实问题，但尚未有文献从社会信用的视角提供相关的经验证据。基于此，本文利用中国人民银行协同社会保障部和商业银行实施的社会保险缴费信息共享政策（简称“银保互动”）构造双重差分模型，实证考察社会保险缴费信用如何影响企业的经营行为。结果显示，银保互动政策充分发挥了社会保险缴费信息的长期信用价值，帮助企业获取到更多的长期银行借款，从而改善企业的融资期限结构。机制检验表明，银保互动政策主要是通过缓解信息不对称、提高贷款审批效率的方式改善融资结构。其中，社会保险缴费信息的质量是影响政策效果的重要因素。进一步分析发现，银保互动政策引致的融资期限结构改善不仅使得企业扩大了再生产，增加固定资产投资和劳动力雇佣的规模，同时也提高了企业的缴费遵从度，实现了社保基金可持续与企业扩大再生产的激励相容。本研究为优化社会保险制度设计，健全社会信用体系建设提供了经验启示。,2025-07-18 16:03,"国家社会科学基金重大项目（24ZDA087）;;
国家自然科学基金面上项目（72374218）、国家自然科学基金面上项目（72472131）的资助",2025,42,8
期刊,平台缴费、新业态人员参保与财政责任——基于基本养老保险制度的分析,边恕;              王钰杰;                   孙雅娜,辽宁大学公共管理学院;辽宁大学新华国际商学院;,财政研究,新就业形态;;养老保险;;财政责任;;平台缴费,加快推动新业态人员参加城镇职工基本养老保险是今后社会保障体制改革的重点，而推动平台缴费责任的回归是新业态人员参保扩面的关键。本文依据新业态就业规模扩大和基本养老保险基金财务可持续性下降的背景，考虑在平台缴费责任回归的情况下，新业态人员参加城职保与财政责任的联动效应，并通过精算模型模拟分析了平台不同缴费比例下新业态人员参保、财政责任与平台负担的方案效果。研究发现：（1）平台缴费的引入在总体上减轻了基本养老保险的财政负担，通过将新业态人员从城乡居民养老保险体系转移至城镇职工基本养老保险体系的双重减负效应，创造了财政减负空间，且平台缴费比例越高，财政责任减负程度越高。（2）新业态在职者参保率的提高增加了保费收入，而退休高峰的滞后则延缓了待遇领取时间，二者产生的城镇职工基本养老保险基金的收支差是基本养老保险财政责任减负的驱动因素。（3）财政责任减负现值呈现“倒U”型的变化趋势。（4）不同的缴费方案会对平台可承受能力带来差异性影响。因此建议进一步扩大平台缴费的覆盖范围，建立规范的平台缴费工作机制，通过降本提效来扩大新业态人员的参保率，实现新业态人员的“法定人群全覆盖”。,2025-06-25,"辽宁省教育厅创新发展项目“数字智能时代老龄社会治理前沿问题”（LJ142410140036）;辽宁省教育厅基本科研项目“辽宁省多层次养老保险体系高质量发展的系统设计与政策优化研究”（JYTMS20230735）;;
辽宁省经济社会发展研究专项重点委托课题“辽宁深度老龄化问题研究”（2025lslzdwtkt-11）",2025,,6
期刊,理解要素宏观和微观替代弹性的差异：基于行业和政策影响的视角,崔小勇;              曾海洲;                   龚六堂,北京大学经济学院;北京大学光华管理学院;武汉大学高级研究中心;北京大学数量经济与数理金融教育部重点实验室;,经济研究,微观弹性;;宏观弹性;;制造业;;生产性服务业;;政策效应,本文基于2016—2020年的税收调查数据，估计了制造业和生产性服务业的微观资本—劳动替代弹性，并在引入政府政策后，测算了宏观资本—劳动替代弹性，在此基础上还测算了政府政策对宏观弹性的影响。研究发现，在微观企业层面，制造业和生产性服务业中资本与劳动呈现互补关系，但在宏观层面，制造业中资本与劳动则表现为替代关系，替代弹性约为1.5；而生产性服务业的替代性显著弱于制造业，在2016—2018年间表现为互补关系，但2018年起逐步呈现弱替代性特征，政策实施会削弱制造业和生产性服务业中资本对劳动的替代性。本文进一步讨论了政府政策如何影响要素成本，进而影响要素回报份额。以2019年社会保险费率调整为例，社会保险费率的下降对不同企业的劳动成本影响不同，整体上引起制造业和生产性服务业的劳动收入份额分别上升了6.47个和1.45个百分点。本文的研究揭示了微观弹性与宏观弹性的联系与区别，并定量识别了政策对要素份额的影响，为优化初次分配格局提供了理论依据。,2025-06-20,国家社会科学基金重大项目（19ZDA069、21&ZD097）的资助,2025,60,6
期刊,从管制到流动：要素市场化配置与资本跨区域流动,李逸飞;              黄保聪;                   王麒植,管理世界杂志社;四川大学经济学院;中央财经大学中国财政发展协同创新中心;,财贸经济,要素市场化配置;;资本跨区域流动;;户籍制度改革;;异地投资;;劳动力流动,劳动力和资本跨区域自由流动有助于实现资源优化配置，但区域间的制度性障碍长期存在。本文借助户籍制度改革这一典型的劳动力要素市场化配置政策，利用手工收集的城市户籍制度改革数据与微观企业的匹配数据，研究户籍制度改革对资本跨区域流动的影响。研究发现，户籍制度改革显著增加了企业异地子公司的数量。在那些流动人口占比与户籍门槛较高、低技能劳动力较多的地区，以及非国有企业、劳动密集型企业和高利润水平企业中，资本的跨区域流动效应更明显。机制分析表明，户籍制度改革降低制度阻碍后，资本之所以会流出改革城市，是因为改革城市的劳动力资源更充足，劳动力雇佣更多，雇佣总成本更高，资本劳动比更低，从而导致企业异地资本投资增加。进一步的分析表明，户籍制度改革不仅有利于改善要素分配，提升企业绩效与利润水平，还有助于提高企业的劳动收入份额与社保缴费水平。本文的研究发现对理解户籍制度改革的资本流动效应以及优化要素市场化配置具有重要的启示，应积极破除阻碍劳动力跨区域流动的制度藩篱，完善要素市场化改革，为中国经济的高质量发展提供制度保障。,2025-06-16 17:20,"国家社会科学基金重大项目“积极老龄化的公共政策与法治问题研究”（19ZDA158）、“我国产业未来发展新赛道新优势研究”（24&ZD071）;;
教育部人文社会科学研究青年项目“深度转型时期公共风险的经济影响：理论框架、测度方法和实证研究”（23YGC790197）",2025,46,6
期刊,关于完善社会保险费征收模式的思考,刘建民;              凌惠馨;                   刘嘉意,长沙理工大学经济与管理学院;湖南大学经济与贸易学院;美国埃默里大学医学院;,税务研究,社会保险费;;征收模式;;社会保障;;税收征管,我国社会保险费虽已交由税务部门统一征收，但在征收过程中还存在征收法律依据不足、征收管理部门工作衔接和权责分配有待厘清、征收渠道技术支撑有待完善、基层征收面临各种挑战等。为此，建议从重法治、强征管、优技术、防风险等角度入手，法定征收主体资格、促进部门协同执法、提高跨省征费效率、压实风控主体责任，助力实现社会保险费征收模式规范化、集约化、数字化与精准化，提升社会保险费征收质效。,2025-05-01,湖南省哲学社会科学基金重大项目“新发展阶段下防范化解地方财政风险研究”（项目编号：22ZDAJ009）的阶段性研究成果,2025,,5
期刊,行政诉讼跨区划管辖与企业社保遵从,潘越;              陈怡萍;              梁伟娟;                   余厚之,厦门大学经济学院;厦门大学管理学院;北京理工大学管理学院;,中国工业经济,司法审判改革;;行政诉讼跨区划管辖;;社保缴费,良好的社保福利待遇不仅事关人民群众的获得感幸福感，也是建设中国特色社会保障体系的重要内容。目前依托立法和执法活动提高各地方职工社保福利待遇的传统手段在法治实践中面临现实瓶颈。本文尝试从司法视角切入，探析司法审判改革对提升企业社保遵从的潜在作用，并以行政诉讼跨区划管辖改革为准自然实验开展实证研究。结果发现，行政诉讼跨区划管辖改革提升了企业的社保遵从。机制检验显示，行政诉讼跨区划管辖改革提高了地方人社局因执法不力而被诉和败诉的概率，进而促使地方人社局更加积极地行使监察权力以维护职工社保权益。进一步地，对于缺少执法激励的地区，以及当劳动者维权意识、议价能力更强或企业保护劳动者权益的意识较差时，行政诉讼跨区划管辖的改革效果更为明显。本文扩展了行政诉讼跨区划管辖及企业社保缴纳相关研究，并从行政审判公信力提升视角为进一步完善社会保障制度体系提供了新的思路。,2025-04-28 13:20,国家社会科学基金重点项目“促进各种类型企业平等发展公平竞争的体制机制和政策体系研究”（批准号23AZD023）,2025,,4
期刊,关于完善社会保险费滞纳金制度的建议,国家税务总局社会保险费司课题组;              张峰;              赵赞扬;                   沈付荣,,税务研究,社会保险费;;滞纳金;;社会保障;;行政强制法,社会保险费划转税务部门征收后，如何进一步完善社会保险费征管制度成为税务部门必须面对的课题。滞纳金制度作为社会保险费征管不可或缺的配套制度，是提高缴费遵从度的有效手段。针对目前仍存在的立法不足、执法不明的问题，有必要细化完善相关内容。具体而言：建议结合各地执行现状，综合考量法理基础，加强顶层设计，完善法律法规，明确有关解释；借鉴成熟做法，完善操作层面有关规定；加强部门协作，稳慎处置历史欠费及相应滞纳金问题。,2025-04-01,2023年度国家税务总局税收科研专项课题“社会保险费滞纳金制度研究：现状、辨析与完善”（课题编号：2023ZX03）的阶段性研究成果,2025,,4
期刊,社会保险费滞纳金管理问题探析,陈金林;                   周宇,国家税务总局宁波市税务局;国家税务总局税务干部学院(长沙)公共教研部;,税务研究,社会保险费;;滞纳金;;依法行政;;行政强制,随着社会保险费征收职责划转至税务部门，关于社会保险费滞纳金计算和征收存在的差异给各级税务机关征收实践带来了困惑。目前，我国社会保险费滞纳金管理还存在管理制度供给不足、部分行政管理行为偏离实体法授权、部分管理规则缺乏行政合理性、管理和执法不符合行政强制程序、行政程序要求和行政效率目标有待兼容等问题。税务机关应当坚持依法行政，以法治方式解决社会保险费滞纳金管理问题；也应与其他社会保险主管部门共同明确社会保险费的行政要求，完善滞纳金管理的法理基础，在健全社会保险费滞纳金管理制度的基础上，明确社会保险费滞纳金征收程序；同时提高自动化行政效能，兼顾滞纳金行政程序价值和管理效率。,2025-04-01,,2025,,4
期刊,中国企业社保缴费遵从的测算与分析,曹斯蔚;              李辉;                   尹恒,习近平经济思想研究中心;武汉大学经济与管理学院;中国人民大学国家发展与战略研究院;,管理世界,社会保险;;缴费遵从;;社保征管,中国企业长期存在社保缴费法定费率与实际费率不一致的问题。本文基于地级市法定费率文件和全国税收调查数据，系统分析了2007～2020年间中国企业社保缴费的遵从状况。研究发现：第一，中国企业社保缴费不遵从现象十分普遍。样本期内缴纳社保的企业占比仅为64.66%，社保缴费遵从度只有51.30%。企业社保缴费遵从度呈现上升趋势，特别在2011年《中华人民共和国社会保险法》和2019年《降低社会保险费率综合方案》实施之后显著提高。第二，不同地区、行业、所有制和规模的企业间，社保缴费遵从度存在显著差异。第三，企业间社保负担不平等问题十分突出。这主要源于社保缴费遵从度的差异，法定费率差异的贡献较小。第四，动态分解显示，总体社保缴费遵从度的变化主要源于在位企业的遵从度提高，企业间生产要素的重新配置和企业进入退出的影响有限。第五，妥善解决企业社保缴费的不遵从问题，对于缓解社会保障基金长期压力问题具有显著效果。本文的研究结果表明，未来应当继续强化对社保费率的征收管理，逐步消除企业社保缴费法定费率与实际费率之间的“鸿沟”。,2025-03-05,"国家社科基金重大项目“加快形成新质生产力的主攻方向与政策保障研究”（基金号：24&ZD037）、国家社科基金一般项目“条件收敛背景下促进共同富裕的收入再分配政策优化研究”（基金号：22BJY230）;;
国家自然科学基金面上项目“中国劳动收入份额演变的新趋势及驱动力研究：基于企业行为的微观视角”（基金号：72173131）;;
习近平经济思想研究中心2023年度基础课题“习近平经济思想指导地方实践之内蒙古、山西、陕西”（D2023027）的资助",2025,41,3
期刊,城乡居民养老保险最优收益选择与现实偏离,熊景维;              孟颖颖;                   李文瀚,华中农业大学农村社会建设与管理研究中心;华中农业大学农村减贫与发展研究中心;华中农业大学社会学系;武汉大学社会保障研究中心;武汉大学政治与公共管理学院;,管理世界,城乡居民养老保险;;最优收益;;参保—缴费选择;;制度激励;;现实参保选择偏差,本文通过建立精算模型，测度了城乡居民养老保险中不同首保年龄、缴费档次和缴费年限条件下实现个体参保收益最优的条件，分析了制度的净收益回报特征与参保激励特征。同时，结合CHARLS2018和CHFS2017数据对我国居民的实际参保行为与最优选择之间的偏差进行了分析。研究发现，总体而言，现有制度激励不良对城乡居保“低筹资水平、低保障水平”产生了诱导作用，“少缴短缴晚缴”的现实参保行为源于个人在制度激励约束条件下追求养老金净收益最优的自利选择结果。在个人追求缴费回报最大化的条件下，制度最优收益的一般特征及激励不良的具体表现为：（1）在当前60岁的参保年龄上限条件下，在缴费档次相同时，“长缴”对应的养老金净收益的逐年增长率基本恒定，制度对持续缴费的激励效度不足。（2）在缴费年限相同的条件下，随参保者选择的缴费高档次提高，养老金净收益的边际增加量减少，制度对“多缴”的激励深度不够。（3）养老金净收益随首保年龄增大而增加，首保年龄每推迟5年，则相同缴费年限和缴费档次下的养老金净收益增加约10%，制度的“晚缴”奖励效应明显。与此同时，城乡居保中个体的现实参保—缴费选择与其净养老金收益最大化对应的最优选择间存在显著的偏离，且参保者在缴费年限和最大养老金净收益上的偏离呈现“系统性”和“无差异”发生的特征，短缴偏离的发生比例和平均年限分别为93%和5年。在现实缴费选择与相应最优缴费年限的关系上，首保年龄为中年、缴费档次越高的参保者，偏离最优缴费年限的差额越大。在养老金净收益的偏离上，低缴费档次的参保者，其首保年龄特征对其获得最大养老金收益没有显著影响；但在缴费档次相同时，越早参保的居民反而偏离最优收益越远。高缴费档次参保者的养老金收益远未实现最优，延长缴费对这部分参保者而言有潜在的福利改进效应。,2025-03-05,"教育部人文社会科学重点研究基地重大项目“养老保障制度促进共同富裕的路径机制与改革策略研究”（22JJD630014）;;
国家社科基金一般项目（21BSH035）;;
华中农业大学自主创新项目（2662024WFPY002）的资助",2025,41,3
期刊,2024年税收征管研究综述,徐丽萍;                   李平,国家税务总局税收科学研究所;,税务研究,,<正>2024年，是实现“十四五”规划目标任务的关键一年，也是进一步深化税收征管改革的提升之年。一年来，全国税务系统坚持以习近平新时代中国特色社会主义思想为指导，牢牢把握高质量推进中国式现代化税务实践这一主线，不断推动税收征管改革向纵深发展，持续提升税务治理效能。财税研究者们主动肩负起新时代的使命与责任，聚焦深化税收征管改革、数字经济税收征管、社会保险费和非税收入征管、优化纳税服务等领域开展研究，取得了比较丰硕的研究成果。,2025-03-01,,2025,,3
期刊,房价变动、资产配置与居民健康,高明;              魏泽新;                   向昊天,北京大学经济学院;北京大学光华管理学院;,金融研究,房价变动;;健康投资;;生命周期模型;;最优资产配置,健康是居民生活质量和社会福利的重要指标。在医保基金趋于“紧平衡”的背景下，提高居民自身的健康投资能力与意愿具有重要意义。本文使用中国家庭追踪调查数据，实证研究发现，房价变动通过改变居民对健康投资的支付能力和支付意愿，进而影响个体健康水平。基于这一发现，本文构建了一个同时包含内生住房和健康决策的生命周期模型，使用家庭数据校准参数，定量分析房价增长率和波动率对资产配置与居民健康的长期影响。模型显示，房价增长率和波动率会通过改变居民的支付能力和支付意愿，进而影响其健康投资。定量分析结果表明，该影响呈现非线性特征，具有显著的经济含义。本文深入分析了房价变动在短期和长期的潜在健康效应，有助于理解居民资产配置与健康决策的联动机制，并对缓解医保基金支出压力提供了政策设计启示。,2025-02-25,"国家自然科学基金(72073004);;
国家社会科学基金(23&ZD178);;
北京大学经济学院中青年教师科研种子基金的资助",2025,,2
期刊,养老金“二十年连涨”激励相容机制的历史考察与政策建议,郑秉文;                   庞茜,辽宁大学中国商务发展研究院;中国社会科学院大学政府管理学院;,财政研究,养老保险制度;;待遇调整机制;;激励相容机制;;可持续性;;延迟法定退休年龄,党的十八大以来，中央多次强调健全基本养老保险参保缴费激励约束机制，建立合理的待遇调整机制。本文重点研究城镇企业职工养老金待遇调整激励相容机制的发展历程、阶段特征、存在问题与改革方向。通过对20年调待政策的梳理，将激励相容机制发展分为初创、完善、成熟三个阶段；基于调待指标设计激励性权重评估模型，测算出4个年份中31个省级行政区的激励性权重。研究表明：各地激励性指标权重平均值由35%增至59%，激励相容机制的完善主要得益于各地基本养老金水平挂钩调整权重的不断增长，但因全国激励性指标权重已较高，继续完善激励相容机制面临挑战。为贯彻落实延迟退休政策，本文提出用足激励性权重指标、均等化指标要锚定“保基本”、设置激励性指标指导性参数区间以及提升制度透明度等政策建议，以不断完善养老金待遇调整激励相容机制。,2025-02-05,国家社会科学基金重大项目“2035年我国多层次多支柱养老保险体系发展目标与现实路径研究”（23ZDA100）,2025,,2
期刊,企业职工基本养老保险统筹级次与劳动力回流——来自中国家庭金融调查（CHFS）的证据,汤玉刚;              周慧敏;                   李昕,山东大学经济学院;河北临空集团;,财政研究,企业职工基本养老保险省级统筹;;劳动力回流;;流动性损失;;回流地选择,社保制度从地区分割走向全国统筹有利于劳动力自由流动，促进劳动力市场中的技能匹配，提升资源配置效率。本文以企业职工基本养老保险省级统筹改革为背景，利用中国家庭金融调查数据（CHFS）对劳动力回流信息的追踪，以省内迁移与省际迁移的空间差异构建双重差分模型，研究社保统筹级次改革对劳动力回流的影响。研究发现：养老保险省级统筹提高了劳动力省内回流概率，该效应具有个体异质性；劳动力更倾向于回流到户籍地所在市的建制镇。在省级统筹背景下，跨省回流劳动力仍面临较高的养老金流动性损失。加快职工养老保险全国统筹，推动公共服务随人走，有助于形成劳动力全国统一大市场。,2025-02-05,"国家自然科学基金项目“空间财政关系重构与区域协调发展：量化空间分析框架”（72473085）;国家自然科学基金项目“市民权利、群体福利与地方财政”（71973080）;;
山东大学社科重大项目“促进城乡区域协调发展的财政体制创新研究”（22RWZD11）",2025,,2
期刊,个人养老金税收优惠政策的优化与模拟,刘柏惠;              寇恩惠;                   陈朝阳,中国社会科学院财经战略研究院;中央财经大学财政税务学院;江苏省财政厅;,财政研究,个人养老金;;税收优惠;;UL模型;;收入分配,我国个人养老金制度在推进过程中面临账户“开而不缴”等难题，其税收优惠政策的合理性备受关注。本文总结理论研究进展，引入税收抵免和负所得税构建优化方案，利用中国家庭金融调查（CHFS）数据，使用UL方法分析各方案的收入分配效果，结合实施成本得到最优改革路径。结果显示，现行方案在垂直效应、水平效应和再排序效应三个方面均会对收入分配产生负面影响，垂直效应起主导作用；与之相比，不返还的税收抵免方案能改善垂直效应，从而减少收入差距扩大的程度，且政策成本更低；可返还的税收抵免方案能通过同时优化垂直公平和水平公平使再分配效应由负转正，并使其实现大幅跃升；负所得税方案的再分配效应稍逊于可返还的税收抵免方案，但政策成本较低、对水平公平的改进程度不受影响。基于此，提出对个人养老金税收优惠政策的改进路径：短期宜采用更具成本效益的不返还的税收抵免政策；中长期可根据政策目标和客观条件在可返还的税收抵免方案和负所得税方案之间进行权衡；基于经济社会参数建立个人养老金税收优惠评价机制，精准确定改革时机和优惠幅度的阈值。,2025-01-05,中国社会科学院重大创新项目“深化财税体制改革的重大问题研究”（2024YZD007）,2025,,1
期刊,养老保险省级统筹与劳动力省内流动：理论与实证,汪伟;                   徐嘉珧,上海财经大学公共经济与管理学院;,金融研究,统筹层次;;劳动力流动;;养老保险;;省级统筹,养老保险统筹层次是影响劳动力流动的重要因素。一般认为，统筹带来的制度统一提高了养老金权益可携带性，有利于劳动力流动。但统筹也带来了地区间养老保险缴费率趋同和工资差异缩小，可能会抑制劳动力流动。本文从理论上同时刻画了这两种机制，并利用中国省级统筹改革前后劳动力省内流动的变化进行实证检验发现：（1）省级统筹带来的工资差异缩小对劳动力流动的影响略强于养老金权益可携带性的影响，但并未使劳动力流动概率明显下降。（2）相较于调剂金模式的省级统筹改革，统收统支模式的完全统筹改革对劳动力流动的影响更明显。（3）省级统筹对不同年龄段劳动力流动的影响不同，养老金权益可携带性对年长劳动力流动的影响更大，工资差异缩小对年轻劳动力流动的影响更大。本文的研究结论为完善养老保险全国统筹改革的制度设计、促进劳动力流动提供了有益启示。,2024-12-25,"国家社会科学基金重大项目（22ZDA049）;;
国家基金项目（23VRC052）;;
上海高校东方学者特聘教授支持计划（2023140001）;;
中央高校基本科研业务费项目（2024110355,2023110395,2023110310）;;
上海财经大学研究生创新基金项目（CXJJ-2024-356）的资助",2024,,12
期刊,减税还是降费——基于长期资本积累和代际公平的视角,李时宇;              倪嘉琪;                   冯俊新,中国人民大学中国财政金融政策研究中心;中国人民大学财政金融学院;中国人民大学经济学院;中国人民大学国家发展与战略研究院;,财贸经济,减税降费;;资本积累;;社会福利;;代际公平,减税降费是供给侧结构性改革在财政政策方面的重要措施，但具体的减税和降费政策对宏观经济和代际分配的作用机制和结果存在差异。降低增值税税率和降低养老保险企业缴费率分别是实践中规模最大的减税和降费措施。本文构建了一个反映中国现行税费制度基本特征及约束条件的世代交叠模型，对比了这两项具体措施对宏观经济效率和代际公平的影响。理论模型的定性分析结果显示，这两项措施长期来看都有利于提高资本积累和产出。但在使用中国数据进行参数校准和数值模拟分析后，可以发现两者对经济效率和代际公平的影响存在较大差异。在经济效率方面，跟相同规模的减税相比，降费能更大幅度地提高长期产出；在代际公平方面，减税更有利于当代老年人，而降费则更有利于当代年轻人和未来代人。基于上述分析，对同时面临宏观经济下行压力和人口出生率下降压力的经济体，应把减税降费政策的着力点更多放在降低养老保险企业缴费率方面。,2024-12-13 13:11,中国人民大学研究品牌计划基础研究项目（中央高校基本科研业务费专项资金资助）“开放经济中的公共部门资产负债表管理研究”（16XNI003）;中国人民大学科学研究基金（中央高校基本科研业务费专项资金资助）“减税和降费的效果评析”（24XNN027）,2024,45,12
期刊,征收职责划转后进一步提升基层税费征管质效的思考,魏志凌,国家税务总局湖南省税务局;,税务研究,税费征管;;征管改革;;基层税务机关;;社会保险费;;非税收入,社会保险费和非税收入划转至税务部门征收后，税务部门作为国家财政收入筹集主体的地位得到强化，组织收入格局因此发生了深刻变化，从征税为主向征税收费转变。从税费征管实践情况看，基层税务机关机构数量仍显偏紧、日常工作任务仍然较重、社会保险费和非税收入的征缴力量配备仍待调优、人力资源配比仍然不足。税务部门可从进一步协调基层税费统筹的征管职责、进一步优化基层税费征管模式、进一步强化基层税费征管资源分配、进一步完善基层税费协同机制建设等方面入手，实现税费征管资源合理分配，减轻基层税务机关工作压力，实现税费征管质效持续常态化提升。,2024-12-01,,2024,,12
期刊,社会保险费征管体制改革与企业纳税遵从,何娜;                   毛谢恩,西南财经大学公共管理学院;西南民族大学商学院;,税务研究,社会保险费;;征管体制;;税收治理;;纳税遵从,理论上，社会保险费的征管职责由社会保险经办机构移交至税务部门可通过税收治理效应提升企业纳税遵从。本文以沪深A股非金融上市企业为样本，实证检验了社会保险费征管体制改革对企业纳税遵从的影响。结果表明，税务部门负责社会保险费征收后，通过新获取的企业人力资源数据信息，增强了税收治理能力，从而使企业的纳税遵从度平均值提升了12.7%。未来，应进一步优化税费征管体制、强化科技赋能、加强税收宣传，从而进一步提升税收治理效能，提高企业纳税遵从度。,2024-11-01,教育部人文社会科学青年基金项目“保险机构投资者与资本市场稳定研究：投资风格、作用路径与治理效果”（项目编号：21YJC630038）的阶段性研究成果,2024,,11
期刊,数字经济发展与非正规就业群体养老保险参与,吴雨桐;              路先锋;                   张明,中国社会科学院大学应用经济学院;中国社会科学院金融研究所;,财政研究,数字经济;;非正规就业;;养老保险参与,数字经济发展极大推动了生产组织方式和劳动雇佣关系的变革，对非正规就业群体养老保险参与是改善还是恶化在学术界存在不同的观点。本文基于2012—2018年四轮中国劳动力动态调查数据（CLDS），考察了城市数字经济发展通过劳动力市场对非正规就业群体的养老保险参与的影响，实证检验发现：城市数字经济发展通过收入改善效应提高了非正规就业群体的参保概率，支持了改善的观点；异质性分析表明，第一、三产业从业者、低技能从业者、赡养负担较轻的非正规就业群体改善效果更显著；进一步研究发现，数字经济发展通过技能收入分化影响了参保种类的选择，利用数字技术促进社保监督的社会参与可以提高非正规就业群体的参保积极性。本文为检验数字经济发展对养老保险的影响提供了新证据，为政府积极拓展养老金缴费收入来源，加快适应当前新兴技术发展与就业形态变革提供了有益启示。,2024-09-05,,2024,,9
期刊,践行“税费皆重”理念构建征管新格局的思考——基于国家税务总局广东省税务局税费一体化征管实践的调查,国家税务总局广东省税务局调研组;              陈少明;              魏升民;                   徐迎,,税务研究,整体性治理;;税费皆重;;税收征管;;税收治理;;社会保险费,伴随社会保险费征管职责划转任务完成，税务部门征管格局已从“税主费辅”转变为“税费皆重”。本文在国家税务总局广东省税务局一体化征管税费实践基础上，引入整体性治理理论深度解析“税费皆重”理念并搭建起“理念-制度-机制-工具-结构”五维分析框架，深度剖析了“税费皆重”征管新格局中在治理理念层面、治理制度层面、治理机制层面、治理工具层面、治理结构层面存在的“碎片化”问题，认为应树立税费一体融合的整体治理观，建立支撑有力的税费治理法治体系、“一体融合、紧密配合”的税费征管机制、智能共享的税费征管信息体系、“职责清晰、齐抓共管”的税费共治综合体，助力新时代税务部门征管职能优化和税费治理能力提升。,2024-08-01,,2024,,8
期刊,累退的缴费，累进的收益——养老保险体系的收入分配效应,宁磊;              郑春荣;                   李文杰,上海财经大学经济学院;上海财经大学公共经济与管理学院;,经济学(季刊),养老金缴费收益准则;;累退累进性;;收入不平等,"本文探讨了中国养老保险体系的收入分配效应。首先,我们利用CHFS数据实证发现了养老金缴费端存在累退性、收益端存在累进性的典型事实。其次,基于典型事实,本文构建了一个不完全市场异质性个体模型,并利用中国数据校准了参数。最后,反事实模拟分析表明,降低缴费基准下限可以起到提高个体参保意愿、降低社会整体缴费负担、削弱养老金“逆向调节”作用、利好中低收入与中低财富群体并最终有利于总消费与总产出的政策效果。",2024-07-30,上海财经大学教育部数理经济学重点实验室、国家自然科学基金项目(72373090、71874105、72273091)的资助,2024,24,4
期刊,社会保险缴费负担与企业机器人应用,陈勇兵;              林雄立;                   李辉,厦门大学经济学院;合肥工业大学经济学院;,数量经济技术经济研究,《社会保险法》;;社会保险缴费;;劳动力流转;;机器人应用,本文基于2005～2013年中国工业企业数据与中国海关数据的匹配样本，借助2011年《社会保险法》实施这一自然实验，采用双重差分法系统地考察了社会保险缴费负担如何影响企业机器人应用。研究发现，《社会保险法》实施后，高劳动密集度行业中的企业相对于低劳动密集度行业的企业，更倾向于应用机器人。机制检验发现，社保缴费负担影响企业机器人应用的核心逻辑在于要素替代和劳动力流转效应，而非企业被动进入困境的流动性约束效应，具体表现为劳动力要素相对价格上升、雇佣减少、固定资产投资增加、雇佣不稳定性增强、企业培训经费显著上升，但企业内部资金流并未进一步紧张。异质性分析发现，《社会保险法》更能够促进成本转嫁能力弱、以规模扩张和追求高质量产品为目的以及融资约束程度高的企业应用机器人。本文揭示了社会保险缴费负担与企业转型升级并不矛盾，也为妥善应对社会保险缴费负担和企业智能制造转型困境提供了证据支撑。,2024-07-11 10:13,国家社会科学基金重大项目（19ZDA067）的资助,2024,41,9
期刊,企业社保减负的就业结构优化与居民消费提振效应,徐舒;              魏文博;                   王茹,西南财经大学经济学院;西南财经大学财政税务学院;,管理世界,社保缴费;;非正规就业;;生命周期消费,针对企业的社保减负政策能为促进居民消费带来积极影响。企业社保缴费负担下降使正规部门劳动需求增长，引发就业结构的调整，增加了正规部门就业比重，由此带来工资和家庭养老金财富的增长及收入风险的下降，进而促进消费。本文构建了一个扩展的两部门生命周期模型，刻画了上述经济机制。基于2019年《降低社会保险费率综合方案》的改革背景，本文量化分析了社保缴费基数下调对城镇家庭消费支出与消费不平等的影响。研究发现，此次调整导致了城镇居民生命周期消费提升4.43%。低收入家庭单纯从预算约束下降中获得的消费提升非常有限。基于模型的进一步测算表明，相较于下调社保缴费基数，取消社保缴费基数下限对城镇居民消费的提升作用更明显，能使家庭消费增加7.52%，并且使生命周期消费不平等下降5.3%。本文的研究揭示了降低企业社保缴费负担的正外部性，表明该政策不仅有利于在生产端给企业减负，还可以提振消费和降低消费不平等，对扩大内需有积极作用。,2024-07-05,"国家自然科学基金“流动人口子女义务教育均等化对迁移决策、人力资本积累和人力资源有效配置的影响研究”（基金号：72173099）;;
四川省科技计划项目（重点研发项目）（立项编号：2022YFG0036）;;
“中央高校基本科研业务费专项资金”引进人才科研启动资助项目（项目号：JBK23YJ52）的资助",2024,40,7
期刊,养老金税收制度：美、日、韩的经验与启示,马晓涵;              张玄;                   岳希明,中国人民大学财务处;安徽大学经济学院;中国人民大学财政金融学院;,税务研究,养老金;;税收制度;;企业所得税;;个人所得税;;税收优惠,养老金体系和制度的发展完善离不开税收制度的支持。各国政府基于不同的政策目标，形成了不同的养老金税收制度。美国、日本和韩国在养老金税收制度设计方面具有较为成熟和丰富的经验，可为我国提供重要的参考。目前，我国养老金税收制度相对简单，存在进一步完善的空间，未来可以借鉴美国、日本和韩国养老金税收制度的实践经验，考虑对基本养老金在领取阶段征税、强化企业/职业年金计划的税收激励、设计多元化的个人养老金税收政策，并设计更加规范的税收优惠政策。,2024-07-01,国家社会科学基金重大项目“新时代我国财税再分配的精准调节机制研究”（项目编号：22&ZD090）的阶段性研究成果,2024,,7
期刊,健全自然人税费服务与监管体系的思考,王国强;                   马奎升,国家税务总局济南市税务局;国家税务总局山东省税务局;,税务研究,自然人税费服务;;税收征管;;社会保险费;;非税收入,健全自然人税费服务与监管体系是税收征管改革的重要内容之一。目前，我国自然人税费服务与监管体系面临制度不够健全、税费管理存在难度、税费服务与监管缺乏统一平台、税费风险管理体系不够健全等问题。在我国自然人税费主体数量快速增长的背景下，有必要健全自然人税费服务与监管制度、有序扩大自然人税费代扣代缴的范围和渠道、建立自然人税费服务与监管一体化应用平台、构建自然人税费风险分类分级管理体系、提供符合自然人群体特点和服务需求的个性化服务、构建“综治+税治”协同共治自然人税费服务格局，全面提升自然人税费服务与监管效能。,2024-07-01,,2024,,7
期刊,个税减免与企业薪酬策略,唐珏;                   郭长林,上海财经大学公共经济与管理学院;,管理世界,个人所得税;;税收归宿;;薪酬,税收归宿理论认为，税收最终归宿取决于要素供给弹性和需求弹性，而非法定归宿人。已有较多文献围绕企业税负和消费税展开了研究，然而个人所得税是否适用于该理论，现有文献鲜有讨论。本文利用中国2018年个人所得税改革这一外生冲击，使用上市公司数据和强度双重差分法，回答了该问题。本文发现个人所得税减免政策实施后，企业会通过下调薪酬增长率分享个人所得税减免红利。上述结果在劳动供给弹性小、需求弹性大的组别中更为明显，这说明税收归宿理论适用于个人所得税。薪酬增长率下调主要是由工资和奖金这部分应税薪酬驱动，基本养老保险、医疗保险和年金等非应税薪酬的增长率未发生显著变化。异质性分析表明，在融资约束高、业务发展快及劳动密集型组别中，薪酬增长率因个人所得税减免而下降幅度更大。本文不仅拓展了中国税收归宿相关文献的研究视角，丰富了个人所得税经济后果这一支文献，且也有助于更为全面认识个人所得税的收入分配效应，对相关制度改革有一定的借鉴意义。,2024-05-05,"国家自然科学基金项目（72204154、72373091、71873083）;;
上海市教育发展基金会和上海市教育委员会“曙光计划”;;
上海财经大学创新团队支持计划的资助",2024,40,5
期刊,社保费征管、市场势力与企业负担——基于社保移交税务征管的研究,黄叙涵;              张玲;              马光荣;                   秦雪征,中国人民大学财政金融学院;北京大学经济学院;,财贸经济,税务全责征收社保费;;社保费归宿;;企业价值;;市场势力,加强社保费征管是促进社保基金可持续的重要手段，但也会提高企业的用工成本，压缩盈利空间。本文通过构建理论模型，讨论了加强社保费征管的经济归宿，分析得出在社保费征管变严格后，劳动密集型企业、产品市场势力小和劳动力市场势力小的企业的盈利空间有更大幅度的下降。企业预期利润的下降，将及时反映到股价的下降上。2018年的《国税地税征管体制改革方案》规定社保费征管移交税务部门。本文通过事件研究法，分析了改革方案出台对企业股价的影响。实证研究表明，劳动密集型企业、低社保缴纳遵从度企业、产品市场势力小和劳动力市场势力小的企业，在改革信息发布后市场价值下跌更为明显，表明社保费实际缴费率上升，将在更大程度上压缩这些企业的盈利空间。本文提供了社保征收体制改革对企业影响的理论机制和经验证据，对今后进一步完善配套政策、减轻企业负担、保护市场主体具有重要意义。,2024-03-19 18:51,"国家自然科学基金面上项目“税收政策的福利效果评估——基于我国近年来减税政策的研究”（71973142）;;
国家社会科学基金重大项目“现代财政—金融结合框架下的地方政府债务管理研究”（21&ZD095）",2024,45,3
期刊,医保报销待遇与患者异地就医选择——基于空间距离、医院等级和医保待遇的分析,陈昕欣;                   封进,复旦大学经济学院;,数量经济技术经济研究,异地就医;;医保报销待遇;;离散选择模型,在优质医疗资源区域分布失衡与医疗保险属地化管理的背景下，异地就医可更好地满足患者需求，但也可能带来欠发达地区医保基金收支不平衡问题。本文考察医保待遇、就医距离和医院等级对患者选择的影响，并重点探讨异地就医医保报销待遇和患者距离支付意愿之间的关系。利用某医疗资源匮乏地区肿瘤患者的医疗保险报销数据发现，相对于本地医院，重症患者更愿意前往省会城市三级医院就医，他们愿意付出更高的额外距离成本，轻症患者的距离支付意愿较低。随着医保待遇的提升，患者的预期自付比例下降，重症患者对异地就医的距离支付意愿显著上升，但轻症患者的距离支付意愿变动不大。相较于城市患者，农村重症患者的距离支付意愿较低，但对医保报销待遇的变化更敏感。本文结果表明，异地就医报销待遇应考虑疾病差异和城乡差距，以提升基金使用效率和公平性。,2024-02-26 17:12,国家自然科学基金重点项目（72334002）的资助,2024,41,4
期刊,企业年金与家庭经济决策,刘宏;              张梓静;                   周广肃,中国人民大学劳动人事学院;,金融研究,企业年金;;家庭消费;;储蓄率;;风险金融资产,企业年金是构建多层次养老保险体系的重要举措。本文基于我国企业年金在过去十几年间的发展，利用“中国家庭追踪调查”2012—2020年五期数据，探究企业年金对城镇职工家庭消费、储蓄和金融资产配置决策的影响及其作用机制。研究发现，参加企业年金对城镇职工家庭的当期消费支出和储蓄率没有显著影响，但会显著提高家庭持有风险金融资产的概率及持有价值，这一结论在固定效应面板模型、工具变量回归及稳健性检验中均保持一致。异质性分析表明，企业年金对家庭风险金融资产投资的积极影响，主要体现于受教育程度较高的家庭和有房产的家庭。主要作用机制是，预期老年收入风险的降低和金融素养的提高。本研究有助于深入理解企业年金扩面改革对我国养老财富储备、家庭福利和金融发展的作用。,2024-02-25,国家自然科学基金面上项目(72373149);国家自然科学基金专项项目(72342033)的资助,2024,,2
期刊,机关事业单位养老保险改革的福利效应：不确定性与消费的视角,田文文;                   岳阳,中国社会科学院大学经济学院;厦门大学经济学院经济研究所、王亚南经济研究院;,经济研究,养老保险改革;;机关事业单位职工;;消费;;不确定性,本文聚焦机关事业单位职工这一长期被经济学界忽略群体的独特特征，从收入不确定性视角出发，研究机关事业单位养老保险改革对过渡期内外中人消费影响的差异。本文首先回顾了机关事业单位养老保险制度历史变迁，着重分析2015年的改革。本文构建理论模型，分析改革后养老金待遇的平均值和不确定性对职工储蓄和消费的影响。结果表明，未来较高的待遇水平会降低储蓄，较高的不确定性水平则会增加储蓄。接着，本文使用中国家庭收入调查数据，对理论预期进行验证。实证结果表明，机关事业单位养老保险改革使得过渡期外中人的消费降低。在进行了稳健性检验和平行趋势检验并排除其他可能性解释后，该结果依然成立。进一步分析表明，尽管机关事业单位养老保险改革属于增量改革，但它并未完全抵消由于收入不确定性增加带来的消费抑制效应。本文的结论说明，对于机关事业单位职工来说，即使收入呈现增加趋势，但不确定性的增加会明显抑制消费。,2024-02-20,国家自然科学基金面上项目(72274107、72173106);国家自然科学基金重点项目(72133004)的资助,2024,59,2
期刊,三重目标约束下的进口药品费用：药价改革中的结构调整与改进优化,袁雪丹;              毛振华;                   王健,武汉大学董辅礽经济社会发展研究院;上海市卫生和健康发展研究中心(上海市医学科学技术情报研究所);中国人民大学经济学院;,管理世界,进口药品;;三重目标;;药品费用,药品进口贸易的增长满足了我国药品市场对高价值药品的需求，但是进口药品的价格和费用长期居高不下，给医保基金和人民群众带来了沉重的经济负担。为了在药品费用可控的范围内，促进高质量药品进口，保障药品供应和公平可及，本文提出了我国药品进口的科技性、公共性和资本性目标，并根据三重目标的理论内涵对其进行测度，构建了嵌入三重目标的药品进口贸易引力模型和优化的特征价格模型，实证分析了与三重目标相关的主要因素对进口药品费用和价格的影响。研究发现：我国进口药品费用的增长方向和资本性目标的发展方向基本一致，公共性目标的发展方向不利于药品进口贸易增长，而科技性目标基本不起作用。三重目标之间的耦合协调度在2017年以后随着公共性目标的改变而快速下降，从2016年的0.9074下降至2018年的0.2995。公共性目标导向政策降低进口药品价格的效果受到市场竞争程度影响。本研究成果为完善药品进口政策，减轻人民群众用药负担提供了参考和借鉴。,2024-02-05,"国家自然科学基金项目（基金号：71373146）;;
国家卫生健康委、中国卫生经济学会卫生健康经济管理重点研究项目（基金号：CHEA2122040301）的资助",2024,40,2
期刊,价值医疗视角下的医保门诊共济保障与居民健康,刘宏;              段雪怡;                   王天宇,中国人民大学劳动人事学院;,管理世界,门诊共济;;健康效应;;价值医疗;;就医行为;;健康行为,以保大病和保住院为主的传统医保模式已经无法适应强调预防为主的整合型医疗卫生服务体系的发展。作为新时代医改的重要内容，建立完善医保门诊共济保障机制关系到医保基金的使用效率和可持续性，关系到参保群众的切身利益。本文基于价值医疗理念，利用2011～2018年部分城市先行实施的职工医保门诊共济改革提供的准自然实验和中国健康与养老追踪调查数据，设计动态双重差分模型，系统评估门诊共济保障对中老年职工健康的动态效应及作用机制。研究发现，实施门诊共济后，职工健康在中长期会有显著改善，且退休职工和低学历职工的健康收益更大。机制分析表明，门诊共济提高了参保职工的门诊就医概率，并促进了他们的基层门诊服务利用和健康预防行为。对于住院患者，门诊共济减少了他们的年住院次数和次均住院费用。本文为建立健全门诊共济保障机制、推动医保高质量发展提供了科学依据，对以价值医疗理念为指引评估卫生政策、通过微观制度设计切实增强群众的获得感具有重要启示。,2024-02-05,"国家自然科学基金“社会性别视角下生育保障体系的政策效应、作用机制及优化研究”（项目号：72373149）;;
国家社会科学基金“推进基本公共服务均等化背景下居民养老保险地区差距成因、影响和对策研究”（项目号：22BJY056）的资助",2024,40,2
期刊,省级统筹对养老保险覆盖面的影响,蔡伟贤;              刘梦雅;                   朱迪,厦门大学经济学院;,财政研究,养老保险覆盖面;;省级统筹;;养老保险可持续性,扩大养老保险覆盖面是维系养老保险制度稳定运行的重要手段。本文以养老保险省级统筹改革为切入点，检验养老金统筹改革对养老保险覆盖面的影响。研究发现：省级统筹能有效扩大养老保险覆盖面。该效应与政策实施前置条件、实施方案和效果以及实施对象紧密相关，即在监管强度越高、城投债规模越小、劳动保护环境越好的地方，效应越显著；并且我们发现更低的养老保险成本和明确的责任分担机制使养老保险供给提高更多；在职工特征方面，省级统筹主要提高更高流动诉求职工的养老保险需求。本文研究结论有助于明确养老金统筹改革准备工作，明晰不同实施方案的效果差异，以及不同群体受到的异质性影响，有助于后续进一步完善养老保险全国统筹方案。,2024-02-05,国家社会科学基金后期资助项目“养老保障制度改革及其经济效应评估”（23FJYB034）,2024,,2
期刊,延迟退休意愿、医疗服务利用与健康收益,朱铭来;              申宇鹏;                   康琢,南开大学金融学院、周恩来政府管理学院;南开大学周恩来政府管理学院;南开大学金融学院;,经济学(季刊),延迟退休意愿;;医疗服务利用;;健康收益,本文通过理论分析以及采用模糊断点回归和工具变量法证明并检验了不同延迟退休意愿个体的医疗服务利用决策差异及其健康收益变动。研究发现，在延迟退休政策尚未全面实施，强制退休仍发挥作用的背景下，由于预期不一致，相对于无延迟退休意愿个体，有延迟意愿个体在退休前后医疗消费平滑过渡，这不是延后就诊的结果，而是提前进行健康投资的作用。进一步研究表明，延迟退休意愿有着明显的医疗控费效果，且增加了个体健康收益。,2024-01-26,国家社会科学基金一般项目（23BRK015）的资助,2024,24,1
期刊,促就业与稳增长：养老保险缴费率的视角,崔小勇;              卢国军;                   翟颖佳,北京大学经济学院;北京大学光华管理学院;,经济研究,社保缴费率;;就业;;经济增长;;资源错配,本文基于2019年中国养老保险缴费率下调的准自然实验，利用2016—2020年全国税收调查数据，测算并分解了政策缴费率下调的宏观就业与产出效应。理论分析表明，政策缴费率下调的激励效应和配置效应是促进宏观就业与产出增长的两个重要机制。实证分析表明，2019年政策缴费率下调显著促进宏观就业增长约5.1%，宏观产出增长约11.4%，并且宏观就业与产出的增长主要来源于配置效应。对微观企业的行为分析表明，政策缴费率下调显著降低企业的实际社保缴费率和劳动力成本，同时提升员工工资，促进企业雇佣和产出规模的扩张。进一步分析表明，缴费率下调的宏观经济效应在行业和地区之间存在异质性，在制造业和中东部地区的激励效应和配置效应同时显著。最后，缴费率下调显著改善了资源配置效率，促进宏观全要素生产率增长约2.4%，但全要素生产率的增长主要来源于地区—行业内的资源配置效率改进。,2024-01-20,"国家社科基金重大项目(21&ZD097,19ZDA069)的阶段性成果;;
北京大学中央高校基本科研业务费资助",2024,59,1
期刊,何以缩小城镇职工和城乡居民养老金待遇鸿沟？——基于共同富裕背景的实证分析,曾益;                   林燚阳,中南财经政法大学公共管理学院;,财政研究,城镇职工;;城乡居民;;养老金;;共同富裕;;财政负担,城镇职工基本养老保险和城乡居民基本养老保险共同构成我国养老保险体系，但2022年城乡居民养老金待遇仅为2456.27元每人每年，是城镇职工养老金待遇的5.68%，群体间过大待遇差距阻滞我国共同富裕目标实现。为探究如何缩小城镇职工和城乡居民养老金待遇鸿沟，本文结合宏微观数据并运用精算模型，分别以农村居民、城乡居民和城镇居民人均可支配收入的一定比例模拟提高城乡居民养老金待遇方案。研究结果显示：如果扩大养老保险覆盖面并延迟退休年龄，以农村居民人均可支配收入的30%或城乡居民人均可支配收入的50%核定城乡居民养老金，均可兼顾养老金待遇的共同富裕水平与养老保险财政负担这两方面，其中前一方案更多考虑降低养老保险财政负担，后一方案更多考虑提高养老金待遇的共同富裕水平。综上，本文研究结论为政府制定提高城乡居民养老金待遇方案提供了有益启示。,2024-01-05,"国家自然科学基金青年项目“职工养老保险全国统筹对地方政府保费征缴行为的影响：机制探讨、实证检验与政策优化”（72304283）;;
中央高校基本科研业务经费“余缺调剂的全国统筹制度对职工养老保险财政负担的影响及优化对策”（2722024BY018）",2024,,1
期刊,关于进一步提升社会保险费征收效率的几点建议,刘建徽;                   胡金星,西南大学经济管理学院;国家税务总局重庆市税务局;,税务研究,社会保险费;;征收职责;;税收治理,社会保险费征收职责划转改革，是深化党和国家机构改革的重要组成部分，对于高质量推进税收治理现代化具有重要意义。但现阶段法治建设相对滞后、协作机制不够完善、风险管控难度加大，在一定程度上削弱了划转改革的成效。需进一步完善社会保险费征管法制体系，进一步优化政府统一领导的部门协作机制，进一步健全以廉政风险为抓手构建风险防控体系，进一步提升社会保险费征管质效，提高税费治理现代化水平。,2024-01-01,国家社会科学基金一般项目“数字智能时代税收治理现代化的理论逻辑与实践路径”（项目编号：23BJY030）的阶段性研究成果,2024,,1
期刊,健全税费联动征管服务机制的思考——基于浙江实践的调研,"徐敏俊
;              包盈盈
;              朱政雄
;              李思存
;              郑瑛磅
;              赵玉岚
;              谢永圣
;                   姚姝名",国家税务总局浙江省税务局调研组;,税务研究,税费联动;;征管服务;;非税收入;;社会保险费;;税费皆重,为深入贯彻落实《关于进一步深化税收征管改革的意见》，浙江税务立足“税费皆重”理念，聚焦税费规范管理，在健全税费联动征管服务机制上进行探索，取得了一定成效，但按照中国式现代化新要求，税费联动征管服务机制仍有待进一步健全优化。为此，本文多角度分析健全税费联动征管服务机制面临的主要问题，提出了完善税费联动机制法律法规体系、优化税费联动机制组织结构、促进税费联动机制“数智”转型、加强税费联动机制风险管控、加强税费联动部门间精诚协作等建议，以更好实现税费联动征管服务机制的健全和发展。,2024-01-01,,2024,,1
期刊,门诊待遇非线性定价与住院率——来自城乡居民基本医保的证据,王贞;              封进;                   刘一恒,复旦大学经济学院;,经济研究,医疗保险;;门诊待遇统筹;;高住院率;;事件研究法;;群聚估计,我国住院率长期高于国际水平，由此导致卫生费用快速增长，业已成为困扰学术界和政策层的社会问题之一。目前，我国已建成世界上规模最大的基本医疗保障网，社会医疗保险成为最大的医疗服务支付方。本文聚焦于医疗保险待遇设计中普遍存在的非线性定价政策，解释其对住院率的影响并提出制度优化。具体地，本文利用我国典型城市2013—2017年城乡居民医保报销数据，利用事件研究法考察较低的门诊报销封顶线对住院的影响。结论发现，在达到门诊封顶线后，患者会选择住院服务来替代门诊；其中，住院概率增加77个百分点，住院次数和天数分别上升16%和23%;并且主要是年龄较大的个体通过去二级及以下医院住院替代门诊。群聚估计(bunching)表明，若取消门诊封顶线，由此节约的住院医保支出大于门诊医保支出的增加，可实现待遇提高、基金节约的双赢效果。本文结论揭示了门诊待遇中的非线性定价导致了高住院率，为医保制度优化提供了政策启示。,2023-12-20,国家自然科学基金重点项目(72334002);国家自然科学基金青年项目(72003039)的资助,2023,58,12
期刊,企业社保缴费负担与劳动收入份额：理论分析与经验证据,张子尧;              黄炜;              丁相元;                   尹恒,中南财经政法大学财政税务学院收入分配与现代财政学科创新引智基地;北京大学国家发展研究院;中国人民大学国家发展与战略研究院;,世界经济,社保缴费;;劳动收入份额;;市场力量,社会保险制度是优化收入分配格局、促进共同富裕的重要保障。本文先从理论层面考察了企业社会保险缴费负担对劳动收入份额的影响，发现社保缴费负担通过资本和劳动替代（互补）效应、产品市场垄断力量以及劳动力市场垄断力量3种途径影响劳动收入份额。借助2011年《中华人民共和国社会保险法》颁布实施的准自然实验和双重差分法的经验分析，我们发现企业社保缴费负担加重显著地降低了企业劳动收入份额。此外，机制分析结果表明，社保缴费负担提高对劳动收入份额的负面影响主要是由企业在产品市场和劳动力市场的垄断力量提升导致的；制造业、小微企业及低工资企业受到的负面影响更明显，特别是小微企业和低工资企业员工的就业和工资显著下降，表明社保缴费负担增加对低收入群体的负面影响更为突出。本文为进一步完善中国社会保险制度的收入分配职能、促进共同富裕提供了重要参考。,2023-12-10,"国家自然科学基金（72173131、72373003）;;
中国博士后科学基金（2023M743940）;;
陕西高校青年创新团队项目（中国特色社会主义政治经济学与财税体制改革创新团队）的资助",2023,46,12
期刊,养老保险缴费基数限额、收入不平等与社会福利,汪伟;                   靳文惠,上海财经大学公共经济与管理学院;上海财经大学滴水湖高级金融学院;江苏科技大学人文社科学院;,经济学(季刊),养老保险缴费基数限额;;收入不平等;;社会福利,"本文讨论了缴费基数限额如何通过改变个体缴费负担、储蓄-教育决策和养老金收入,以及代际收入分配影响收入不平等和社会福利。研究发现:缴费基数限额会扩大工资收入差距和缴费后可支配收入差距,缩小养老金差距,对代际收入差距影响不明确,这使收入不平等在短期内下降,在长期内上升。缴费基数限额在短期内降低了社会福利,在长期内对社会福利的影响模糊。适当调低下限并调高上限可以达到降低收入不平等并且增进社会福利的目标。",2023-11-30,"国家万人计划哲学社会科学领军人才项目“人口老龄化的收入不平等效应及对策”研究;;
国家社科基金重大项目(17ZDA049、22ZDA049);;
国家自然科学基金项目(71773071、72303092、72304061、72304117)的资助",2023,23,6
期刊,延迟退休、隔代照料与经济增长,耿志祥;                   孙祁祥,"武汉大学经济与管理学院,武汉大学宁波国家保险发展研究院;北京大学经济学院;",金融研究,延迟退休;;隔代照料;;经济增长,延迟退休可以降低人口老龄化带来的养老金不可持续风险，但它是如何影响经济增长呢?本文构建拓展的代际联系的王朝家庭(dynastic family)模型，考察了延迟退休影响经济增长的微观机制。研究表明，一方面，延迟退休会增加父母给年轻人的遗赠收入，这将有助于提高生育率，可称为收入效应；另一方面，延迟退休使得隔代照料时间减少，年轻人生育孩子的时间成本上升，由此带来生育率下降，可称为隔代照料效应。延迟退休对生育率的影响，取决于年轻人对生育孩子数目的偏好程度、收入效应和隔代照料效应之间的比较。进一步研究发现，由于延迟退休减少了隔代照料时间，年轻人照料孩子的时间增加，这会降低年轻人的劳动供给，导致工资收入减少，进而降低年轻人对每个孩子的教育投入，不利于长期经济增长，但数值模拟发现，年轻人劳动供给降低的幅度非常有限。政策方面，建议实施积极的隔代照料支持政策，降低延迟退休对生育率和经济增长的不利影响。,2023-11-25,"国家自然科学基金面上项目（71974147）资助;;
武汉大学自主科研项目（人文社会科学）研究成果;;
“中央高校基本科研业务费专项资金”资助",2023,,11
期刊,养老保险缴费、公共服务提供与灵活就业人员定居意愿,何炜;                   张训常,广东外语外贸大学经济贸易学院;暨南大学经济学院;,财政研究,城镇职工基本养老保险;;灵活就业人员;;公共服务;;定居意愿,新业态下，灵活就业人员数量巨增的同时，灵活的用工模式使其在社会保障方式选择上拥有了较大的自主性。本文研究发现，城镇职工基本养老保险最低缴费金额对灵活就业人员定居意愿具有非线性影响，流入地公共服务是养老保险最低缴费金额影响灵活就业人员定居意愿的重要机制。具体地，居住证政策实施后养老保险最低缴费金额对定居意愿的影响减弱；养老保险最低缴费金额对流动人口定居意愿的影响在财政压力较大的地区更为显著；排他性较强的公共品供给会降低养老保险最低缴费金额对定居意愿的影响，而外部性较强的公共品供给则会增强养老保险最低缴费金额对定居意愿的影响。劳动要素流动并定居是提高城镇化质量的重要引擎，本研究成果从社会保险缴纳和公共服务提供角度为流动人口市民化提供了新的经验证据。,2023-11-05,"国家社科基金项目“公共服务数字化促进居民消费的影响机制、效应与对策研究”（23BJL127）;;
广东省高校青年创新人才类项目“群体分化视角下流动人口市民化的机制与对策研究”（2022WQNCX020）",2023,,11
期刊,县级税务机关在推进税收现代化中的税费征收监管资源优化——基于国家税务总局莒县税务局的调查,王国强;              孔祥民;                   马奎升,国家税务总局济南市税务局;国家税务总局莒县税务局;国家税务总局山东省税务局;,税务研究,县级税务机关;;税费征收;;风险管理;;扁平化运作;;税收现代化,县级税务机关在税费征收监管方面面临现行征收监管力量与监管需求不匹配、资源优化整合与高质量发展不相适、税源管理模式与现代化征管目标有差距等问题与挑战。调查发现，国家税务总局莒县税务局主动思考、勇于实践，在优化资源配置、集约管理重要监管任务、细分税源类型实施专业化监管、按风险等级实施差异化应对等方面作了积极探索，有效提升了税费征收监管服务效能。在莒县税务局实践经验基础上，本文提出了组织架构扁平化、复杂事项集中管理、建立灵活高效的激励约束机制、推行风险防控专业化管理、对社会保险费非税收入实施分类管理协同治理、加大人工智能和税务信息系统应用等优化税费征收监管资源、提升征收监管效能的思考与建议。,2023-11-01,,2023,,11
期刊,“退休—医疗服务波动”之谜的形成机理与破解路径——基于制度联系视角的理论及实证分析,于新亮;              胡秋阳;                   申宇鹏,山东财经大学保险学院;南开大学经济学院;南开大学周恩来政府管理学院;,管理世界,劳动制度;;生命周期;;模糊断点回归;;医疗服务;;劳动力市场,本文重点关注劳动力市场的内部制度、外部制度以及外市场制度之间存在的制度联系对劳动力生命周期各阶段行为特征的系统性影响。首先，本文发现，直觉上本应随年龄增长而持续上升的医疗服务利用在劳动力的退休年龄前后却是非平滑的，先是断点式下降并短期维持，而后上升。由于健康状况等自然因素和医疗保障等制度因素通常具有连续性，难以解释上述现象，故而可谓之“退休—医疗服务波动”之谜。对此，本文构建理论模型，并采用模糊断点回归方法进行实证检验，发现：员工的晋升概率在接近法定退休年龄之前显著下降，而其医疗服务利用也在同期呈现同向变动，员工激励方式转变的局部平均处理效应显著为正。由此表明，由于退休前劳动力在企业内的晋升激励失效而绩效工资激励尚存，加上工资水平与退休后的养老金待遇挂钩，劳动力会在此阶段转而通过努力工作、抑制医疗服务利用，以谋求绩效工资和提高养老金待遇，而在其退出劳动力市场后通过提高医疗服务利用予以一定的健康补偿。上述结论为企业员工激励制度、国家法定退休制度和社会养老保险制度等构成的劳动制度体系影响劳动力生命周期中的阶段性表现提供了经验证据，也为通过系统性的制度安排提高劳动力的社会贡献、改善其福利提供了有益的视角及分析框架。,2023-10-05,"国家自然科学基金面上项目（批准号：72274107）、国家自然科学基金青年科学基金项目（批准号：71804090）、国家自然科学基金面上项目（批准号：71874090）;;
首都医科大学国家医疗保障研究院开放性课题（批准号：YB2023B06）的资助",2023,39,10
期刊,社保缴费的转嫁效应与劳动力市场再分配,张克中;              黄永颖;                   何凡,中南财经政法大学财政税务学院;华中科技大学管理学院;江西财经大学财税与公共管理学院;,管理世界,劳动力市场再分配;;征管体制;;税费转嫁;;技能异质性,社会保险制度是实现共同富裕的重要制度安排。基于21世纪初省级养老保险征收机构的变更（规范化改革）和2011年《社会保险法》的颁布（法制化改革），本文系统评估了社保缴费的转嫁效应与劳动力市场再分配。研究发现：（1）两次改革均提高了企业的实际社保缴费率，但缴费负担的转嫁形式不同。规范化改革增加的缴费负担由企业承担，并减少了企业的雇佣规模，而法制化改革增加的缴费负担由员工和企业共同承担，既降低员工工资，也减少了企业雇佣人数；（2）进一步分析显示，规范化改革中不同技能员工受到的就业冲击差异在不同模型中表现并不稳健，而法制化改革中低技能员工的工资受到的冲击相对更大，表明劳动力市场再分配效应的表现存在差异；（3）工资刚性和缴费凸显性较好地解释了两次改革中社保缴费的转嫁形式差异以及产生劳动力市场再分配效应的原因。研究结论为完善中国社会保险制度的再分配功能、扎实推进全社会共同富裕提供了政策启示。,2023-09-05,国家社科基金重大项目“规范收入分配秩序和财富积累机制研究”（基金号：23ZDA097）的资助,2023,39,9
期刊,日本第三支柱养老金税收政策经验与借鉴,张译文,中国财政科学研究院;,税务研究,养老金;;税收优惠;;第三支柱;;个人养老金;;税收政策,在我国第三支柱养老金的制度性建设和规范性发展中，税收政策设计是一个关键性的要素。税收优惠是激励个人积极参与第三支柱养老金的有力杠杆，因此相关税收政策的制定应充分发挥税收的促进和激励作用。日本的人口年龄结构转变进程和我国具有相似性，梳理其个人养老金制度中较为成熟的做法，对完善我国第三支柱养老金制度具有一定的借鉴意义。建议我国秉持普惠性理念，设置差异化的税收优惠政策，扩大第三支柱养老金的覆盖范围，优化缴费环节和领取环节的税收优惠参数设计，建立EET与TEE相结合的税收优惠激励模式，打通第二、第三支柱壁垒，统筹税收优惠政策，以实现第三支柱养老金制度设计、税收优惠和收入再分配效应之间的协调与平衡。,2023-08-01,,2023,,8
期刊,延迟退休、隔代照料与青年人就业,邹铁钉;                   殷伟策,浙江工商大学经济学院;,数量经济技术经济研究,延迟退休;;隔代照料;;青年人就业;;就业意愿,本文构建了一个包含隔代照料文化、干中学效应与人力资本代际传递的OLG模型，用于考察延迟退休对青年人就业的影响。研究发现，延迟退休对时间投入和物质投入两种形式隔代照料的抑制和促进作用，通过影响个体人力资本积累以及家庭生育数量与质量之间的替代关系，从就业意愿、就业能力和就业机会三个维度改变青年人的就业处境。随着延迟退休力度的加强，青年人的就业能力呈先上升后下降的“倒U”型变动趋势，就业意愿与就业机会则在总体上保持下降趋势。养老保险制度介入后，并没有改变延迟退休对青年人就业的影响方向，只是在不同制度安排下对三个分维度的影响出现了分化。其中，现收现付制下的就业意愿与就业机会要高于基金制，而基金制下的就业能力要高于现收现付制。幼儿照护支持体系不到位以及相关服务市场发育滞后，是协调老年人延迟退休与青年人就业关系的制约因素。从制度、政策和服务市场体系建设角度为青年人生育提供支持，是提升延迟退休政策效果、改善青年人就业处境的探索方向。,2023-07-26 09:00,国家社会科学基金一般项目（21BJL091）的资助,2023,40,9
期刊,社保缴费对劳动力就业、工资和家庭储蓄的影响,何凡;              曾鑫;                   黄炜,江西财经大学财税与公共管理学院;江西财经大学应用经济学院(数字经济学院);北京大学中国经济研究中心国家发展研究院;,世界经济,社保缴费;;就业;;工资;;家庭储蓄;;社会保险法,"本文基于《社会保险法》实施并采用城镇住户月度面板调查数据,首次从家户层面全面考察了社保缴费对劳动力就业、工资和家庭储蓄的影响。研究结果显示:《社会保险法》实施显著增加了企业和劳动力社保缴费,法律的实施不仅加重了企业社保缴费负担,而且提高了养老账户的储蓄水平;社保缴费增加并未导致劳动力失业,但在职劳动力以降低工资的形式承担了至少一半的公司社保缴费负担;社保缴费增加虽然显著降低了0.9个百分点的家庭储蓄率,但依然显著促进了中国总体养老财富积累;社保缴费收益凸显性较高是导致上述结果的重要机制。本文结果表明加强社保费征管不仅有利于增加社保基金收入,而且能够促进中国整体养老财富积累。",2023-07-25 12:00,"研究阐释党的二十大精神国家社科基金重大项目“规范收入分配秩序和财富积累机制研究”;;
江西省教育厅科学技术研究项目(GJJ2200542);;
江西财经大学“公共政策与社会治理”学科创新团队项目的资助",2023,46,7
期刊,社保降费如何惠企利民:分担机制与缴费归宿,徐舒;              张冰;                   王慧,西南财经大学经济学院;西南财经大学中国金融研究院;,世界经济,减税降费;;社保缴费归宿;;价格传导,"减税降费的收益在企业和劳动者间如何分配是评价相关政策效果的重要视角,其蕴含的税收归宿问题也是公共经济学长期关注的核心命题。本文利用中国各地区社保缴费基数下限差异,首次估计了中国社保降费的收益分享。通过构建理论模型,将社保缴费归宿表达为一系列可估计的充分统计量,分解产品市场价格渠道和要素市场工资渠道的不同影响。研究发现,劳动者获得了社保降费的主要收益,且价格渠道在福利改善中占主要地位。本文在产品市场和要素市场双重视角下考察了社保降费效果,有助于深入认识减税降费惠企利民的经济效应和机制。",2023-07-25 11:48,"国家自然科学基金面上项目(71773095、72173099);;
中央高校基本科研业务专项资金项目(JBK2304105)的资助",2023,46,7
期刊,异地就医门诊直接结算政策对医保基金支出的影响,吕思诺;                   封进,中央民族大学经济学院;复旦大学经济学院;,金融研究,异地就医;;直接结算;;医保基金支出,我国异地就医门诊直接结算政策已全面推开，该政策在便利医疗资源缺乏地区患者就医的同时，对这类地区医保基金支出也将产生影响。本文利用长三角某三线城市城镇职工医保报销数据，采用断点回归设计对异地就医门诊直接结算政策进行系统评估，发现该政策实施后，异地门诊就诊人次显著增加，但异地和本地的门诊和住院总就诊次数、医疗支出、医保基金支出与患者个人负担均显著下降。本文还发现在未开通门诊直接结算之前，患者存在用异地住院替代异地门诊的现象。本文说明门诊直接结算政策会促进医疗资源缺乏地区患者异地就医，但可通过降低就诊次数显著节约医保基金，且对健康需求和社会经济地位较高的患者的影响更为显著。进一步分析发现，该政策并未产生从本地虹吸轻症患者的效应。本文的研究发现对于完善异地就医政策具有一定的政策含义。,2023-07-25,国家自然科学基金重点项目(项目号：72334002)资助,2023,,7
期刊,卫生支出结构、个人健康投资与居民福利,王树森;                   杨澄宇,北京师范大学经济与工商管理学院;,经济研究,政府预防性支出;;社会医疗保险;;个人健康投资;;居民福利,新时代健康中国战略的根本目标是实现全民健康，而政府配置公共医疗卫生资源的方式对实现健康中国战略目标具有重大影响。本文基于两部门世代交叠模型，研究政府预防性支出占比和医疗保险报销比例对个人健康投资、居民健康和福利的经济影响及其作用机制，并通过数值模拟分析医疗卫生政策调整对卫生总费用、个人卫生支出、社会总消费及医保基金财政依赖程度的定量影响。研究发现，适度提高政府预防性支出占比不仅改善居民健康并提升福利，还能降低卫生总费用占GDP比重和医保基金财政依赖程度，增加社会总消费。在现有预算体制下，提高医疗保险报销比例能够降低个人自付医疗负担，但会对个人健康投资产生两种相反的激励效应，且负向激励占主导，导致个人健康投资水平随报销比例上升而下降。上述发现对持续优化政府卫生支出结构、有效实施健康中国战略提供了定量政策参考。,2023-06-20,,2023,58,6
期刊,树牢税费皆重理念  提升社保非税征管质效,王利敏,国家税务总局威海市经济开发区税务局;,税务研究,税费皆重;;社会保险费;;非税收入;;税收征管;;税收治理,税收治理是国家治理的重要组成部分。在社会保险费和非税收入（以下简称“社保非税”）征管职责划转到税务部门的新形势下，社保非税在税务部门三大业务板块中占据其二，形成税收、社会保险费、非税收入“三驾马车”并驾齐驱的工作新局面。树牢税费皆重理念，既是提高社保非税治理能力的迫切需要，更是提高税收治理能力的必然需求。本文通过剖析社保非税征管实践中面临的实际问题，从健全法制、优化服务、防控风险等方面提出完善建议，以期促进社保非税征管服务提质增效，推进税收治理能力提档升级。,2023-06-01,,2023,,6
期刊,社会保障项目之间的相互作用：新型农村社会养老保险对医疗保险的挤出,张川川;              魏旭;                   黄炜,浙江大学经济学院;浙江大学财税大数据与政策研究中心;中央财经大学金融学院;北京大学国家发展研究院;,经济学(季刊),养老保险;;医疗保险;;挤出效应,本文构建了一个理论模型，指出养老保险会通过收入效应、健康效应和风险效应三个渠道影响个体的医疗保险参与决策。在此基础上，本文实证检验了新型农村社会养老保险制度的实施对个体是否参加新型农村合作医疗制度的影响。实证结果显示，新农保的实施导致养老金领取人口和参保缴费人口参加新农合的概率分别降低了15.4%和10.8%。本文的结论表明，对社会保障政策效果的评估需要考虑不同项目间的相互作用，政府在社会保障体系建设中需要通过制度设计避免各项目间的挤出。,2023-05-30,"浙江省哲学社会科学规划“研究阐释党的十九届五中全会精神”专项课题“健康中国建设中的医疗保障重要机制研究”(21WZQH01Z);;
国家自然科学基金面上项目(72273124)、国家自然科学基金面上项目(71973160);;
中央高校基本科研业务费专项资金的资助、中央高校基本科研业务费专项资金;;
中央财经大学科研创新团队支持计划的资助",2023,23,3
期刊,社会保险费率调整：政策效应、现实问题与优化建议,张奇林;              余晓明;                   遆仕明,武汉大学社会保障研究中心;,税务研究,社会保险费;;费率;;减税降费;;小微企业;;税收公平,下调社会保险费率是我国激发企业活力、促进经济可持续发展的重要举措，不仅能从宏观上推动社会保险制度结构性改革，确保经济平稳运行，而且能够有效释放企业的活力。在推进供给侧结构性改革、促进实体经济高质量发展的时代背景下，保证企业能更好地参与到生产性经营活动中，对于促进稳岗就业、推动科技创新、优化市场资源配置有着至关重要的作用。基于现行社会保险费率调整政策中系统性与稳定性缺失、精准性与公平性不足等问题，有必要对社会保险费率下调政策进行更加精细化的改革与优化，以弹性化和系统化设计实现费率调整的公平性与稳定性。,2023-05-01,教育部人文社会科学重点研究基地重大项目“共同富裕目标下第三次分配的理论建构与实现路径研究”（项目编号：22JJD630016）的阶段性研究成果,2023,,5
期刊,财政养老转移支付、人口城镇化与养老保险均衡发展——基于养老人口红利均衡配置视角,穆怀中,辽宁大学;,财政研究,财政养老转移支付;;人口城镇化;;养老人口红利;;养老保险均衡发展,逐步缩小城乡居民和城镇化职工养老保险给付差距，是中国新时期养老保险均衡发展的重要课题。本文以缩小城乡居民与城镇职工养老保险给付差距为切入点，研究中国养老保险给付的均衡发展。通过理论分析发现：人口城镇化中形成的养老人口红利向城乡居民养老保险均衡配置，具有养老保险结构优化效应。实证研究发现：（1）2020年，人口城镇化形成的养老人口红利系数为0.75，通过财政养老转移支付可以使城乡居民养老保险水平提高20.45%。（2）农村土地养老资源利用，加之财政普惠型养老金和养老人口红利财政养老转移支付，到2035年城乡居民养老金替代率水平可以达到30.1%，高于城乡居民养老保险适度下限水平，城镇职工和城乡居民养老保险均衡系数可以达到52.9%，有利于推进养老保险均衡发展。在此基础上，本文提出了相关对策建议。,2023-04-05,国家社会科学基金重大项目“中国人口老龄化对经济增长影响路径与政策选择研究”（20&ZD077）,2023,,4
期刊,下调养老保险单位缴费比例政策效果评估——收入、就业、劳动力供给和劳动力需求,吴晓瑜;                   薛靖茹,中央财经大学中国公共财政与政策研究院;,经济学(季刊),养老保险;;劳动力市场;;缴费比例,城镇职工基本养老保险是我国社会保险的重要组成部分。近些年来，养老保险相关制度不断改革和完善，企业缴费比例有较大的降低。本文从个体角度出发，对养老保险单位缴费比例的变化可能对劳动力市场带来的影响进行了分析。基于地级市层面的缴费比例数据和2011—2017年中国家庭金融调查，我们发现养老保险单位缴费比例的下降会带来工资和就业的显著上升，劳动力供给和劳动力需求也都有一定程度的增加。我们还利用2016年全国统一下调养老保险单位缴费比例这一外生政策变化，建立双重差分模型进行了分析，发现缴费比例下降有利于改善就业、提高工资以及增加劳动力供给。,2023-03-30,"国家自然科学基金（71673314）;;
中央财经大学中国财政发展协同创新中心的资助",2023,23,2
期刊,累退社会保险缴费率、流动性约束与低收入家庭消费,徐舒;              廖健伶;                   徐嘉珧,西南财经大学经济学院;上海财经大学公共经济与管理学院;,中国工业经济,减税降费;;社会保险缴费累退性;;流动性约束;;家庭消费,中国城镇职工社会保险缴费基数上、下限的规定使个人实际社会保险缴费率呈现累退性：职工收入越低，社会保险实际缴费率越高。这一特征增加了低收入家庭的流动性约束，抑制了社会保障对低收入家庭消费的促进作用，并扩大了消费不平等。本文建立了一个消费增长分解框架，基于2019年《降低社会保险费率综合方案》的改革背景，从广延边界和集约边界两个角度，定量考察了降低社会保险缴费基数对低收入家庭消费的影响。结果表明，社会保险缴费基数下降，在广延边界上，带来了社会保险覆盖率的上升，通过降低预防性储蓄，使家庭消费增加1.39个百分点；在集约边界上，使低收入家庭的实际社会保险缴费率下降了约3.13—5.34个百分点，增加了其可支配收入，使家庭消费增加0.79—1.19个百分点。总体看，《降低社会保险费率综合方案》提高了整体家庭消费2.18—2.58个百分点，并使低收入家庭与中高收入家庭的消费差距下降了3.41—4.79个百分点。本文从家庭消费视角补充了社会保险降费政策的研究，表明减税降费在扩内需和促消费中的积极作用。,2023-03-25,"国家自然科学基金面上项目“社会保险缴费基数的跨期收入配置功能、收入分配效应与社会福利效果研究”（批准号71773095）;国家自然科学基金重点项目“新时代居民消费发展的驱动机制及政策研究”（批准号72033007）;;
中央高校基本科研业务费专项资金项目“完善推动全体人民共同富裕的机制体制和政策体系研究”的支持",2023,,3
期刊,走向共同富裕：再分配政策对收入分布的影响分析,唐高洁;              闫东艺;                   冯帅章,暨南大学经济与社会研究院;暨南大学经济学院、经济与社会研究院;,经济研究,再分配政策;;收入分布;;城乡居民养老保险;;公共转移支付;;共同富裕,本文基于微观数据并构建反事实分解模型研究2010—2018年中国再分配政策的变化对收入分布的影响。研究发现，党的十八大以来，政府再分配调节职能进一步强化，城乡居民基本养老保险和公共转移支付政策的改革在提升中低收入家庭收入增长率、缩小收入分配差距方面取得了显著成果。机制分析发现，这一时期居民养老保险的再分配效果主要来自于其覆盖面的扩大，其次是养老金水平的提高。公共转移支付政策变化的效果则主要来自于对低收入群体更好的瞄准和支付水平的提升。政策模拟显示，若进一步增加居民养老保险和公共转移支付支出，提高覆盖面比增加给付水平具有更强的再分配效果。,2023-03-20,"教育部人文社科青年基金项目(22YJC790113);;
研究阐释党的十九届六中全会精神国家社科基金重点项目(22AZD079);;
民政部亚洲开发银行技术援助项目(TA6621-PRC)的资助",2023,58,3
期刊,城镇职工退休对医疗服务利用和医药费用的影响,付明卫;                   徐文慧,中国社会科学院经济研究所;中国社会科学院大学经济学院;上海交通大学安泰经济与管理学院;,经济研究,退休;;医药费用;;医疗服务利用;;健康,针对中国的经验研究均发现，退休导致职工医疗服务利用增加和医药费用上涨。本文基于城镇职工基本医疗保险住院患者报销明细数据，使用按日度量的年龄作配置变量的断点回归设计，得出了相反的结论。具体而言，首先，退休对住院次数和住院天数没有显著影响，但导致患者次均住院费用下降16.5%。其次，患者退休后住院费用下降不是因为医生为患者选择了低自付费用的治疗方案，而是患者身体健康状况改善或个人支付能力下降所导致的。最后，异质性分析结果显示，公共部门职工和男职工退休后次均住院费用下降，而民营部门职工和女职工的次均住院费用退休后没有下降。由于职工退休后不会多消费住院医疗服务、不会多花住院医药费用，延迟退休不一定能抑制医药费用上涨。,2023-02-20,,2023,58,2
期刊,社保费征管与企业内部收入分配,何凡;                   张克中,江西财经大学财税与公共管理学院;中南财经政法大学财政税务学院;,财政研究,企业内部收入分配;;社保费征管;;劳动力异质性,本文基于我国2011年实施的《社会保险法》，采用广义双重差分模型考察了社保费征管对企业内部收入分配的影响。研究结果显示：《社会保险法》实施显著提高了企业实际社保缴费率，但却只降低了普通员工工资，对管理层员工的工资没有影响，从而扩大了企业内部收入差距。不同类别员工议价能力差异是导致上述结果的重要机制。异质性检验结果显示，民营、融资约束较大、非税务局征收社保费和所在地劳动保护力度较弱的企业的内部收入差距受社保费征管加强的影响更大。本文结论不仅为认识社保制度的收入分配效应提供了新的证据，而且对完善税费政策具有重要的现实意义。,2023-02-05,"国家社科基金一般项目“社会保险制度改革的劳动力市场再分配效应研究”(20BJY058);;
江西省教育厅科学技术研究项目“税收政策对公司内部收入分配的影响、机制及政策优化”(GJJ2200542);;
江西财经大学“公共政策与社会治理”学科创新团队项目",2023,,2
期刊,税制扭曲对企业社保缴费的影响——基于增值税留抵的研究,赵仁杰;                   陈彪,西北大学经济与管理学院;,数量经济技术经济研究,增值税留抵;;流动性约束;;社保遵从;;税制扭曲,党的二十大报告指出，“健全覆盖全民、统筹城乡、公平统一、安全规范、可持续的多层次社会保障体系”。在人口老龄化加剧和社保法定缴费率下调的背景下，提升企业社保缴费遵从度是确保多层次社保体系可持续发展的关键。本文基于中国的增值税留抵制度和2008～2015年全国税收调查数据，研究税制扭曲对企业社保缴费的影响。研究发现，增值税留抵会显著降低企业社保实际缴费率和参保率，期初留抵税款占现金流的比重越高，企业社保缴费遵从度越低，而留抵退税政策有助于提升企业社保缴费水平。增值税留抵对企业社保缴费的挤出效应主要体现在小企业、民营企业和劳动密集型企业中，在社保机构征收和社保收支责任越小的地区越明显。机制分析显示增值税留抵会加大企业现金流压力，促使企业降低社保缴费基数，并通过外购劳务服务和加大商品关联销售降低企业社保实际缴费。本文从税制扭曲的角度为理解企业的社保逃费行为提供了新的视角，也为通过优化税制设计提升企业社保遵从和社保基金安全提供政策启示。,2023-01-30 17:23,"教育部哲学社会科学研究重大课题攻关项目(20JZD005);;
国家自然科学基金青年项目(72203167、72101212);;
陕西省社会科学基金项目(2022D044);;
四川省自然科学基金青年项目(23NSFSC3357)的资助",2023,40,2
期刊,社会养老保险、家庭隔代抚养与老年人健康,余靖雯;              麦东仁;                   龚六堂,北京外国语大学国际商学院;北京大学光华管理学院;北京大学数量经济与数理金融教育部重点实验室;,经济学(季刊),社会养老保险;;“新农保”;;隔代抚养,本文考察了以“新农保”为代表的社会养老保险对老年人隔代抚养行为的影响。研究发现，领取养老金会显著降低老年人的隔代抚养参与率，该负向影响在女性老年人和孙辈数量更多的老年人中更为明显。机制分析表明，养老金对隔代抚养参与率的影响渠道在于代际间联系的弱化，养老金不仅减少了老年人与子女同居的可能性，还会对子女的经济支持产生挤出效应。隔代抚养会提高老年人的抑郁水平，而领取养老金可在一定程度上减弱该负面作用。,2023-01-30,"国家自然科学基金项目（71973017）;;
北京外国语大学卓越人才支持计划的资助",2023,23,1
期刊,统一大市场建设：养老保险省级统筹与劳动力市场一体化,黄永颖;              张克中;                   鲁元平,华中科技大学管理学院;中南财经政法大学财政税务学院;中南财经政法大学财政税务学院、收入分配与现代财政学科创新引智基地;,数量经济技术经济研究,统一大市场;;劳动力市场一体化;;省级统筹;;养老保险,养老保险制度如何促进劳动力市场发展是经济学家和政策制定者十分关注的话题。基于养老保险全国统筹和统一大市场建设的背景，本文实证考察了21世纪初养老保险省级统筹如何影响区域劳动力市场的一体化。研究发现，省级统筹显著促进了地级市之间的劳动力市场一体化。机制分析表明，统筹改革通过减少地级市之间养老保险政策差异和改善劳动力跨地市流动状况，大幅提升了地级市之间的劳动力市场一体化水平。其中，养老保险基金压力越小、外来劳动力占比越高的省份，省级统筹对劳动力市场一体化的促进作用越明显。进一步分析发现，养老保险统筹的省份在改革之后要素资源错配程度要比未实现养老保险统筹的省份低3.5%。在“双循环”的新发展格局下，本研究对推动养老保险全国统筹，促进社会保障事业高质量发展、可持续发展，构建全国统一大市场提供了经验支持。,2023-01-05,"国家社会科学基金一般项目“社会保险制度的劳动力市场再分配效应”(20BJY058);;
国家自然科学基金面上项目“社保缴费负担对中小企业发展的影响、机制及政策优化:基于征收机构改革的视角”(72074224)的资助",2023,40,1
期刊,养老保险基金财政压力的化解路径研究——基于余缺调剂的全国统筹制度实施背景,曾益;                   陆颖,中南财经政法大学公共管理学院;,财政研究,养老保险;;全国统筹;;结余上缴;;财政责任,2022年1月我国实施以余缺调剂为目标的养老保险全国统筹制度。随着人口老龄化程度加深，全国统筹调剂制度能否可持续运转？会产生多少财政责任？这关系着养老保险乃至整个社会保障体系的可持续发展。本文运用计量和精算模型分五种情况研究全国统筹调剂制度的可持续性：第一，不引入任何政策干预；第二，实施扩大养老保险覆盖面、渐进式延迟退休年龄、提高征缴率等参量改革；第三，划转中央企业国有资本充实社保基金；第四，全国统筹调剂制度调整为上缴累计结余；第五，实施所有参量改革、划转中央企业国有资本并上缴累计结余。研究结果表明，当养老保险参量改革、划转中央企业国有资本充实社保基金、实施全国统筹调剂制度上缴累计结余等改革政策协同实施，全国统筹调剂制度可实现可持续发展，财政压力将大大减轻。,2023-01-05,"国家社科基金重点项目“发展多层次、多支柱养老保险体系研究”（21AZD070）;;
中央高校基本科研业务经费项目“全国统筹对养老保险基金可持续性的影响及政策优化：基于地方政府保费征缴行为的视角”（2722023BY016）",2023,,1
