编号	题名	第一作者	期刊	年期	文章类型	A	A起始年	A类型	识别方法	标题C	实测C指标	数据来源	贴合度	热词	效应数字	备注	预期测法	沟通主体
YQ-001	免签政策与外商直接投资：来自企业注册数据的证据	田毕飞	世界经济	2026(9)	冲击回归	扩大普通护照免签安排（免签政策，按国家分批实施）	约2023（常识：2023年12月起对法德等国单方面免签；摘要只给样本起点2023年1月）	分批试点或分地区推开	多期DID	外商直接投资（外资进入）	免签国家在华新设外资企业数量；机制：政策信号、国际舆情、信息不对称【预期：未作为变量测量】	工商企业注册数据（2023.1—2026.2）	中	政策信号；高水平对外开放	无	渠道为释放持续开放的政策信号、改善国际舆情、缓解信息不对称；人员往来基础好、时区差小、资本密集、移民网络密、服务业更显著；推动项目由接触转向落地	不涉及	不涉及（A为实际实施的政策，信号仅为机制）
YQ-002	地方化债组合政策与资本市场反馈	聂婧	世界经济	2026(9)	冲击回归	中央一揽子化债方案中的12万亿元化债组合政策公告（×企业政府业务关联程度）	约2024（常识：2024年11月公布；摘要未给年份）	全国统一政策	事件研究	资本市场反馈（市场信心与预期形成）	公告窗口期累积异常收益率CAR、投资者交易活跃度；后续经营现金流、净利润增长、资本开支【预期：市场价格隐含，以CAR与交易活跃度反映市场预期】	A股上市公司	高	一揽子化债方案；提振市场信心；市场预期	无	后续经营表现用双重差分（按政府业务关联程度）；机制为改善企业回款、释放资金压力、缓解融资约束	市场价格隐含：公告窗口CAR、交易活跃度	财政部门（常识：由财政部在全国人大常委会发布会公布；摘要只写"政策公告"）
YQ-003	财政政策、异质性MPC与消费结构升级——基于2018年个税改革的量化分析	杨欣桐	经济研究	2026(8)	模型模拟	2018年个人所得税改革（基准政策冲击）及反事实政策（税额返还、服务消费补贴等）	2018	全国统一政策	结构模型	消费结构升级（非耐用品、耐用品、服务消费）	模型模拟的居民消费水平与三类消费结构（CHFS结构估计）【预期：模型中的收入不确定性设定，非实测】	CHFS	高（模型输出）	扩大内需；提振消费；消费升级；稳定收入预期	无	效应由减税规模与MPC异质性共同决定；继续提高起征点边际作用有限，低收入税额返还与服务消费补贴更有效；改善收入预期有助提振消费	模型设定（未实测）：收入不确定性	不涉及
YQ-004	预期管理、增值税立法信号与企业研发	王立勇	财政研究	2026(8)	冲击回归	2019年《增值税法（征求意见稿）》发布（制度框架性政策信号）	2019	全国统一政策	普通DID	企业研发投资	企业研发投资；中介变量：企业预期【预期：测法摘要未给】	摘要未给	高	预期管理；政策信号；企业预期；增值税立法	无	企业预期为关键中介；管理层短视高、融资约束高企业更显著；财政透明度高地区激励更强	摘要未给：企业预期作中介	财政部门（常识：征求意见稿由财政部、税务总局发布；摘要未写发布机关）
YQ-005	健全地方税体系  增强地方财政可持续性	宋生瑛	税务研究	2026(8)	阐释综述	—	—	—	—	—	—	—	—	财政可持续性；稳定长期制度预期；土地财政退出	—	—	—	—
YQ-006	政府数字化转型与企业脱虚返实——基于企业投资结构偏向的分析	王傲	金融研究	2026(7)	其他实证	数字政府建设（地方政府网站工作年度报表）	—（连续变量）	连续变量（非冲击）	一般回归	企业脱虚返实（投资结构偏向）	实体投资、金融资产配置、总投资规模；投资效率；机制：制度性交易成本、融资约束、经济政策不确定性感知【预期：EPU感知测法摘要未给】	上市公司；地方政府网站工作年度报表	高	脱虚返实；实体经济；数字政府；高质量发展	无	非国企、小规模、战略性新兴、数字化高企业及市场化高地区更显著；抑制短期流量思维	摘要未给：EPU感知作机制	不涉及
YQ-007	异质性预期下财税政策、货币政策协同与消费提振	沈少川	税务研究	2026(7)	模型模拟	财税政策与货币政策协同（模型冲击）	—（模型）	无（模型冲击）	结构模型	消费提振（居民消费）	NK-DSGE模拟的居民消费【预期：异质性预期结构为模型设定】	摘要未给	高（模型输出）	提振消费；预期管理；财政货币政策协同	无	协同效果强于单一政策；不同预期结构使政策效应明显不同；稳健性加入工资黏性、投资转化率冲击、资本利用率成本	模型设定（未实测）：异质性预期	不涉及
YQ-008	碳关税信号、绿电禀赋与高耗能企业的空间再配置	李芳华	经济研究	2026(6)	冲击回归	2018年欧洲议会通过碳边境调节机制（CBAM）决议（外部政策信号）×对欧盟出口暴露	2018	外国政策	普通DID	高耗能企业空间再配置	对绿电富集区的投资（子公司布局）；能源替代领域创新；MD&A中对国际碳政策的关注度【预期：文本，MD&A关注度度量信号可感知性；预期碳成本为机制】	上市公司；海关进出口数据；子公司数据；MD&A文本	高	政策信号；高水平开放；绿色转型	无	另用事件研究；绿电越丰富、可达性越强的地区吸引力越大；同步增加能源替代创新	文本：MD&A对国际碳政策的关注度	其他（外国机构：欧洲议会决议）
YQ-009	增值税留抵退税与企业债务优化：理论机制及政策效应	刘朝阳	税务研究	2026(6)	冲击回归	2018年增值税留抵退税政策	2018	全国统一政策	摘要未给（称准自然实验）	企业债务优化	企业债务规模；金融性负债与商业信用负债；长期负债占比；信贷可得性	A股上市公司季度数据（2017—2022）	高	留抵退税；银税互动；稳信用	无	机制为现金注入、成本节约与"以税增信"；资产运营效率低、经营绩效高企业更显著；建议将政策"信号传递机制"制度化	不涉及	不涉及
YQ-010	企业可持续发展信息披露与贷款期限结构	樊燕萍	财贸经济	2026(5)	其他实证	企业可持续发展信息披露质量	—（连续变量）	连续变量（非冲击）	一般回归	贷款期限结构	贷款期限结构；短债长用	A股上市公司（2011—2021）	高	绿色金融；经济政策不确定性	无	紧缩货币政策与高EPU下更显著；可对冲货币政策不确定性对银行信贷的干扰；银行数字化负向调节	不涉及	不涉及
YQ-011	新闻情绪与人民币汇率预期	刘林东	世界经济	2026(5)	其他实证	新闻情绪（中美近600万篇媒体报道的细分主题情绪指标）	—（连续变量）	连续变量（非冲击）	一般回归	人民币汇率预期	人民币汇率预期（具体测法摘要未给）；单边预期【预期：测法摘要未给】	自建文本（中美媒体报道，2008—2024）	摘要无法判断	汇率预期管理；叙事经济学	无	新闻情绪有超越基本面的预测力，分解为信息补充效应与基本面定价权重调节效应；中国新闻情绪经信心渠道，美国新闻情绪在全球不确定性高时起作用	摘要未给：人民币汇率预期	媒体
YQ-012	走中国特色金融发展之路：基于现代中央银行制度视角	深化金融体制改革课题组	财贸经济	2026(4)	阐释综述	—	—	—	—	—	—	—	—	中国特色金融发展之路；预期管理；政策取向一致性；高质量发展；国家金融安全	—	—	—	—
YQ-013	公众预期、政策协调与房地产金融宏观审慎政策有效性	肖争艳	金融研究	2026(4)	其他实证	房地产金融宏观审慎政策（MPR）调整；调节：公众房价预期、政策沟通频率与立场一致性、与货币政策取向一致性	—（时间序列）	宏观或信息冲击	局部投影或VAR	房地产金融宏观审慎政策有效性	房价缺口；预期分歧【预期：问卷，央行城镇储户调查的房价预期】	央行城镇储户问卷调查；宏观时序	中	预期管理；政策沟通；政策取向一致性；稳定房地产市场；房地产高质量发展	无	另建含房价预期的DSGE；顺周期公众预期削弱MPR；提高沟通频率收缩预期分歧；紧缩MPR配紧缩数量型、宽松MPR配宽松价格型货币政策效果更好	问卷：央行城镇储户调查房价预期	央行（沟通为调节变量；摘要未明写主体，按宏观审慎政策归央行）
YQ-014	财税体制与全国统一大市场建设：整体分析	吕冰洋	财政研究	2026(4)	阐释综述	—	—	—	—	—	—	—	—	全国统一大市场；财税体制改革；可预期的公平竞争环境	—	—	—	—
YQ-015	央行沟通情感识别、通胀预期形成机制与央行信誉优化	刘达禹	中国工业经济	2026(3)	测度	央行沟通指数（BERT重构）	—（连续变量）	连续变量（非冲击）	结构模型	通胀预期形成机制；央行信誉	央行信誉水平（通胀预期"二元选择"模型估计）；不同信誉下的通胀损失模拟【预期：模型提取，通胀预期数据来源摘要未给】	自建文本（央行沟通文本）	中	央行沟通；稳定公众预期；政策信号	央行信誉水平约0.5；建议每季度正式沟通3—5次	BERT优于词频法，尤其是转折语句；通胀成本与信誉大体负相关	模型提取：通胀预期"二元选择"模型	央行
YQ-016	宏观经济政策沟通与预期管理：来自新闻发布会的证据	阮睿	世界经济	2026(3)	冲击回归	国务院新闻办公室新闻发布会召开（发布会文本主题权重与情绪）	摘要未给	宏观或信息冲击	事件研究	市场专业人士预期形成（预期管理）	宏观分析报告文本的日度主题权重与主题情绪（LDA）；分析师宏观指标预测水平与预测误差；企业投资【预期：文本＋分析师预测】	自建文本（国新办发布会文本、宏观分析报告）；分析师预测；企业数据（库名摘要未给）	中	预期管理；政策沟通；宏观经济管理	无	发布会后分析报告在发布会高权重主题上权重与情绪上升更多；积极影响传导至实体：提升预测水平、降低预测误差、增加企业投资	文本＋分析师或专家预测：宏观分析报告情绪；分析师预测水平与误差	国务院或国新办
YQ-017	一揽子化债方案和地方隐性债务置换——基于特殊再融资债券重启的视角	王姝晶	管理世界	2026(3)	冲击回归	2023年特殊再融资债券重启发行（一揽子化债方案）×高/低债务风险地区	2023	地区强度差异	普通DID	地方隐性债务置换（城投债融资成本与债务）	城投债发行利差、交易利差；隐性担保预期；短期城投债发行规模；城投债存量与利息支出；地方财政支出；GDP【预期：市场价格隐含，利差反映隐性担保预期】	城投债发行与交易数据（库名摘要未给）	中	一揽子化债方案；特殊再融资债券；防范化解地方隐性债务风险	无	摘要未写方法名，按高低风险地区对比编码；效应集中于短期限、高杠杆、高评级城投债；期限错配加剧但显性化后存量与利息下降；短期GDP影响不显著；附债务期权模型	市场价格隐含：城投债利差隐含隐性担保预期	不涉及
YQ-018	经济预期不确定性与货币政策效应	李海博	财贸经济	2026(3)	其他实证	经济预期不确定性（基于微观经济预测测度，1996—2022）	—（连续变量）	连续变量（非冲击）	摘要未给	货币政策效应	货币政策效应（具体被解释变量摘要未给）【预期：分析师或专家预测，用微观经济预测数据测度预期不确定性】	微观经济预测数据；宏观经济波动数据	摘要无法判断	预期管理；社会预期偏弱	无	经济预期不确定性在冲击时显著提高并削弱货币政策效应；与宏观不确定性、EPU区分；主张管理预期的二阶状态	分析师或专家预测：微观经济预测数据	不涉及
YQ-019	零基预算改革与企业投资效率——基于有为政府赋能有效市场的视角	曹文成	数量经济技术经济研究	2026(3)	冲击回归	零基预算改革（地方分批推行）	摘要未给	分批试点或分地区推开	多期DID	企业投资效率	企业投资效率（过度投资、投资不足）；企业价值；机制：制度性交易成本、融资环境、市场不确定性预期【预期：测法摘要未给】	摘要未给	高	零基预算改革；有为政府；有效市场；高质量发展；财政资金提质增效	无	交叠DID；既抑制过度投资也缓解投资不足；通过投资效率提升企业价值	摘要未给：市场不确定性预期作机制	不涉及
YQ-020	金融监管处罚、信贷供给收紧与融资平台债务治理	柏金春	中国工业经济	2026(2)	冲击回归	国家金融监督管理总局公布的金融机构行政处罚事件	摘要未给	市场或企业事件	摘要未给（称准自然实验）	融资平台债务治理（债务扩张）	地区融资平台债务扩张；银行贷款与非标融资；举债风险溢价；标准化债券融资占比【预期：市场价格隐含，风险溢价反映"财政兜底"预期被打破】	金融监管行政处罚公告；融资平台数据（库名摘要未给）	高	财政兜底预期；财政金融协同；地方债务风险；市场化转型	无	处罚机构层级高、力度大时更显著；促使融资平台转向标准化债券融资	市场价格隐含：举债风险溢价	不涉及
YQ-021	专项债券项目收益风险定价有效性研究——兼论优化专项债券管理机制的路径	钱一蕾	数量经济技术经济研究	2026(2)	测度	专项债券项目收益风险（机器学习从利差中测算）；项目打包发债	—（连续变量）	连续变量（非冲击）	无（机器学习测算）	专项债券定价有效性	专项债券利差中的项目收益风险；债券包内项目收益参差与打包程度	6302只专项债券及其8.5万余个项目（2019—2023）	高	积极财政政策；专项债券管理；地方政府债务管理	专项债券利差仅比一般债券高0.55BP	债券市场几乎无法识别项目收益风险；新增债务融资需求越强的省份打包程度越高	不涉及	不涉及
YQ-022	企业集团隐性担保对国有企业债券违约风险的影响	饶含	金融研究	2026(2)	模型模拟	企业集团内部资产转移能力（隐性担保来源）	—（模型）	无（模型冲击）	无（理论模型）	国有企业债券违约风险	理论推导，无实测【预期：对财政状况与内部转移成本的预期管理为理论设定】	无	摘要无法判断（纯理论无实测）	预期管理；国有企业深化改革；系统性金融风险	无	内部转移能力强反而提高信用风险、放大财政状况冲击并促进风险外溢；预期管理可抑制外溢	模型设定（未实测）：对财政状况与转移成本的预期	不涉及
YQ-023	财政政策沟通的信号效应：基于股票市场异质性预期的研究	王振霞	财政研究	2026(2)	其他实证	财政政策沟通信号指标（新闻文本构建）	—（连续变量）	连续变量（非冲击）	一般回归	股票市场异质性预期	股价走势；机构投资者与散户的投资行为【预期：行为代替，以两类投资者交易行为及股价反映预期差异】	自建文本（新闻）；上市公司	中	财政政策沟通；引导预期；提振信心；预期转弱	无	散户行为更符合财政沟通信号指向；宏观不确定性高时差异总体未逆转	行为或结果代替＋市场价格隐含：投资者交易行为、股价	财政部门
YQ-024	论财税政策与投资于人的本质关联及实现路径——基于人力资本积累视角	许生	税务研究	2026(2)	阐释综述	—	—	—	—	—	—	—	—	投资于人；高质量发展；三重压力（预期转弱）；人口高质量发展	—	—	—	—
YQ-025	数字金融、信息不对称与小微企业融资——来自助贷机构的证据	汪勇	数量经济技术经济研究	2026(1)	其他实证	数字金融发展	—（连续变量）	连续变量（非冲击）	一般回归	小微企业融资	小微企业贷款利率、贷款金额；逆向选择、道德风险	某助贷机构脱敏小微企业信贷数据（2017—2020）	高	融资难融资贵；数字金融	无	货币政策宽松期与EPU较高期改善作用更大；缓解逆向选择但放大道德风险	不涉及	不涉及
YQ-026	民营经济支持政策与企业满意度	魏楚	财贸经济	2026(1)	其他实证	民营经济政策强度（含"民营经济31条"）	约2023（常识：民营经济31条2023年7月发布；摘要为政策强度连续变量）	连续变量（非冲击）	一般回归	企业满意度	企业满意度与"获得感"；用工、投资、研发投入；机制：政策效果感知、预期偏差、信息不对称【预期：问卷，全国民营企业调查】	全国民营企业调查	高	民营经济31条；企业预期管理；政策宣传；民营经济高质量发展；政策热企业冷	无	预期偏差与信息不对称削弱政策效应；融资和拖欠账款问题效果不显著；政策评价越积极越扩大用工投资研发	问卷：全国民营企业调查（满意度、预期偏差）	不涉及
YQ-027	债务置换、财政政策效力与税制结构优化	董兵兵	中国工业经济	2025(12)	模型模拟	地方政府债务置换政策（模型）	—（模型）	全国统一政策	结构模型	财政政策效力（财政支出乘数）	DSGE模拟的财政支出乘数与财政空间【预期：未来税负预期为模型设定】	摘要未给	高（模型输出）	积极的财政政策要加力提效；财政空间；高质量发展；稳定宏观经济大盘	无	经弱化税收扭曲与缓解挤出双渠道提高乘数；初始财政空间不足时效果更显著；劳动所得税敏感度提升可稳定税负预期	模型设定（未实测）：未来税负预期	不涉及
YQ-028	徙木立信：政务信用建设与民营企业预期改善	谷成	数量经济技术经济研究	2025(12)	冲击回归	国务院清理政府欠款专项督导行动（政务信用建设）	摘要未给	全国统一政策	摘要未给（称准自然实验）	民营企业预期	民营企业预期（测法摘要未给；摘要称效应"并非源于管理层对年报信息的策略性操纵"）；员工质量、创新投入、企业投资	摘要未给	摘要无法判断	稳定民营企业预期；政务信用建设；营商环境	无	渠道为纾解财务困境与优化政企关系；财政压力大地区、政府连接度强及动态能力弱企业更显著；对雇佣规模与工资作用有限	摘要未给：民营企业预期（摘要提及年报信息）	不涉及
YQ-029	投资者预期协同的资产定价研究——基于多特征机器学习视角	唐国豪	管理世界	2025(12)	其他实证	投资者预期协同水平（基于多维公司特征的机器学习构造）	—（连续变量）	连续变量（非冲击）	一般回归	资产定价（股票未来收益）	股票未来收益；错误定价【预期：模型提取，神经网络从多维特征构造预期协同指标】	中国上市公司	高	预期管理；预期协同；资本市场稳定；人工智能	无	预期协同越低未来收益越低；机制为错误定价（卖空约束、有限套利）；会计信息质量负向调节；特征数量呈非线性影响	模型提取：机器学习构造预期协同	不涉及
YQ-030	财政政策与货币政策经济效应的非对称性研究——基于市场信心与政策不确定性传导影响的分析	石英华	财政研究	2025(12)	其他实证	财政政策与货币政策（状态依赖的政策冲击）	—（时间序列）	宏观或信息冲击	局部投影或VAR	财政与货币政策的宏观经济效应	宏观经济产出（具体指标摘要未给）；传导：市场信心、政策不确定性【预期：市场信心测法摘要未给】	摘要未给（宏观时序）	摘要无法判断	逆周期调节；市场信心；稳定市场预期；高质量发展	无	MS-VAR；低迷状态下逆周期政策更有效且财政优于货币；货币政策不确定性的抑制效应强于财政	摘要未给：市场信心	不涉及
YQ-031	财政政策与货币政策的协调配合：模式选择与机制分析	王擎	财贸经济	2025(12)	其他实证	财政货币政策组合（如"积极的财政政策和稳健的货币政策"）	—（时间序列）	宏观或信息冲击	局部投影或VAR	政策组合效应（经济增长与金融风险）	经济增长；金融风险（宏观杠杆率、信贷增速）；实际消费与投资【预期：预期渠道测法摘要未给】	宏观时序（2000—2020；来源摘要未给）	中	扩大内需；稳中求进；防风险	无	Rubin因果框架下倾向得分加权＋局部投影；"积极财政＋稳健货币"组合最优，经收入渠道与预期渠道带动消费投资	摘要未给：预期渠道	不涉及
YQ-032	财政补贴与提振消费——来自地方新能源汽车购置补贴的证据	于曙光	数量经济技术经济研究	2025(12)	冲击回归	2023年地方（城市）消费端新能源汽车购置补贴	2023	分批试点或分地区推开	摘要未给	提振消费（新能源汽车消费）	城市—月度新能源汽车销量；燃油车消费（挤出检验）【预期：消费者未来预期效用为机制，测法摘要未给】	2023年城市—月度新能源汽车销量	高	提振消费；扩大内需；大宗消费	2023年各地补贴共带动新能源汽车消费670.1亿元	北方地区与有新能源车企城市更明显；力度大、不限车型、现金形式效果更好；未挤出燃油车	摘要未给：消费者未来预期效用	不涉及
YQ-033	供应链金融、信用延伸与企业债务风险缓释	张云	经济研究	2025(11)	其他实证	供应链金融（深度与广度）	—（连续变量）	连续变量（非冲击）	一般回归	企业债务风险缓释	核心企业债务违约风险；风险缓释投入；偿债能力	上市企业（2011—2022）	高	产业链供应链韧性	无	附理论模型；可抵御EPU与紧缩货币政策冲击；地方政府支持政策有增效作用	不涉及	不涉及
YQ-034	财政收入预期增长与地方政府征管行为——来自地级市的经验证据	余锦亮	金融研究	2025(11)	其他实证	地方政府财政收入预期增长	—（连续变量）	连续变量（非冲击）	一般回归	地方政府征管行为	非税收入比重；地方税（土地四税）比重；国有资本经营收入与国有资源（资产）有偿使用收入；对大企业补贴【预期：财政收入预期增长的测法摘要未给】	地级市面板（2011—2020）	中	现代财税体制；财政透明度；财政可持续性	无	转移支付依赖低、经济财政状况较好地区更突出；"多收多补"补贴大企业是实现收入增长的重要措施	摘要未给：财政收入预期增长	不涉及
YQ-035	增强宏观政策取向一致性	战明华	数量经济技术经济研究	2025(11)	阐释综述	—	—	—	—	—	—	—	—	宏观政策取向一致性；预期管理；习近平经济思想	—	—	—	—
YQ-036	通胀预期如何影响债券信用利差?	纪敏	金融研究	2025(10)	其他实证	通胀预期（专家预测）	—（连续变量）	连续变量（非冲击）	一般回归	债券信用利差	上市公司信用债信用利差；违约风险溢价与超额风险溢价【预期：分析师或专家预测，专家通胀预测】	专家预测；A股上市公司信用债交易数据（2010—2022）	高	预期管理；降低企业融资成本	通胀预期与信用利差呈U形，拐点1.99%	非国企、低杠杆、低评级债券更突出；未预期货币政策冲击显著影响通胀预期	分析师或专家预测：专家通胀预测	不涉及
YQ-037	预期的博弈：央行沟通与国债收益率曲线	尚玉皇	金融研究	2025(9)	其他实证	央行沟通情绪指数（货币政策执行报告、公开讲话、新闻发布会文本）	—（连续变量）	连续变量（非冲击）	结构模型	国债收益率曲线	国债收益率曲线水平与期限利差【预期：市场价格隐含，期限结构隐含的市场预期】	自建文本（央行沟通语料）；国债收益率	高	央行沟通；预期信号；现代货币政策框架；强大中央银行	无	混频无套利期限结构模型；情绪越高（宽松预期）曲线整体下移、期限利差收窄；期限结构隐含预期反向影响央行沟通，利率市场化后双向互动增强	市场价格隐含：国债收益率曲线与期限利差	央行
YQ-038	结构性货币政策支持科技创新的有效性研究	李力	管理世界	2025(9)	模型模拟	科技创新再贷款（结构性货币政策工具）	2022（摘要称2022年以来）	全国统一政策	结构模型	科技创新（政策有效性）	NK-DSGE模拟的科技企业信贷、创新活动、TFP、产出与投资【预期：科技企业对未来的积极预期为模型设定】	摘要未给	高（模型输出）	科技金融；结构性货币政策	无	再贷款利率下降促科创贷款与股权投资；建议搭配瞄准科创贷款增速的宏观审慎与财政补贴	模型设定（未实测）：科技企业未来预期	不涉及
YQ-039	财政预期管理与企业生产决策	刘倩	财政研究	2025(9)	其他实证	财政预期管理指数（2003—2022年财政预期管理文本，自建情感词典）	—（连续变量）	连续变量（非冲击）	一般回归	企业生产决策	企业投资、劳动力使用量、融资规模、创新生产【预期：未直接测接收方预期，以企业行为反映；沟通端用文本情绪】	自建文本（财政预期管理文本）；企业数据（库名摘要未给）	高	财政预期管理；预期管理；提振微观主体信心；财政透明度	无	调控方向非对称；言行匹配性影响可信度；不同财政预期管理工具效果异质	行为或结果代替：企业投资、用工、融资、创新	财政部门
YQ-040	气候政策分化、资本市场响应与跨境资本流动	尹智超	中国工业经济	2025(8)	模型模拟	气候政策分化（碳减排目标、低碳补贴、碳税分化）	—（模型）	外国政策	结构模型	跨境资本流动	DSGE模拟与48个经济体跨境资本流动数据【预期：碳减排目标分化经政策信号改变市场预期，为模型设定】	48个经济体跨境资本流动数据（2010—2024）	高	政策信号	无	低碳补贴分化引发短期套利流动，碳税分化驱动长期资本向规制严格区域集中	模型设定（未实测）：政策信号改变市场预期	不涉及
YQ-041	政策沟通、公众关注与经济不确定性——基于文本大数据的指数构建与实证研究	张同斌	金融研究	2025(7)	其他实证	货币政策与财政政策沟通指数（文本大数据构建）	—（连续变量）	连续变量（非冲击）	摘要未给	经济不确定性	宏观经济不确定性（测法摘要未给）；公众政策关注【预期：公众关注测法摘要未给】	自建文本	摘要无法判断	预期管理；政策沟通；预期引导	无	持续精准的沟通降低外部负向冲击带来的不确定性；增加沟通频率强化效果；渠道为政策工具实施与公众关注	摘要未给：公众政策关注	央行＋财政部门
YQ-042	政策引导与融资平台市场化转型	毛捷	经济研究	2025(7)	冲击回归	2014年施行的"43号文"（另：2017年全国金融工作会议）	2014	全国统一政策	摘要未给	融资平台市场化转型	自建五维转型测度：收入构成、现金流构成、业务构成、股权构成、市场风险预期【预期：市场价格隐含，债券层面"市场风险预期"维度，具体指标摘要未给】	融资平台企业层面与债券层面数据	高	防范化解重大经济金融风险；地方国有企业改革；市场化转型	无	43号文主要影响业务构成，2017年金融工作会议全面推进转型；市场化水平与财政自给率影响区域异质性	市场价格隐含：债券层面市场风险预期	不涉及（A为政策文件与会议）
YQ-043	主动偿债与专项债发行定价	毛捷	财政研究	2025(7)	其他实证	主动偿债比（1－借新还旧比）	—（连续变量）	连续变量（非冲击）	一般回归	专项债发行定价	新增专项债发行利差【预期：市场价格隐含，"改善市场预期"为机制】	2018—2023年地方政府到期与新增专项债发行信息	高	财政可持续性；稳增长与防风险；专项债全生命周期管理	无	债务规模大、财政透明度低地区压降作用更明显；机制为释放财政空间、改善市场预期、增强货币市场流动性	市场价格隐含：专项债发行利差	不涉及
YQ-044	税收征管体制改革与企业税负公平——基于国地税合并的准自然实验证据	林志帆	财政研究	2025(6)	冲击回归	国地税合并改革（原地税征管企业群组）	约2018（常识；摘要未给年份）	全国统一政策	普通DID	企业税负公平	原地税征管企业群组内所得税实际税率差异；群组内长期负债率、固定资产投资率、总资产周转率、ROA分布	全国企业贡献数据库（2016—2020）	高	营商环境；市场主体预期；税收征管改革	无	城市财政压力大、内源融资约束重企业改革效应更大	不涉及	不涉及
YQ-045	数字政府建设与企业全要素生产率——基于信息惠民试点政策的准自然实验	杨青	金融研究	2025(6)	冲击回归	信息惠民试点政策（城市试点）	约2014（常识：2014年公布国家信息惠民试点城市）	分批试点或分地区推开	普通DID	企业全要素生产率	企业TFP；机制：融资约束、非生产性成本、EPU感知【预期：EPU感知测法摘要未给】	A股上市企业（2011—2021）	高	数字政府；高质量发展	无	银企关联弱、城市信息化高、政商关系较传统的企业更明显	摘要未给：EPU感知作机制	不涉及
YQ-046	央行预期管理能缓解银行流动性囤积吗?——基于前瞻性文本情绪指数的实证检验	蒋海	金融研究	2025(6)	其他实证	《货币政策执行报告》前瞻性文本情绪指数	—（连续变量）	连续变量（非冲击）	一般回归	银行流动性囤积	银行流动性囤积水平；机制：信贷收益不确定性、银行风险容忍度【预期：未直接测接收方预期，以银行行为反映；沟通端用文本情绪】	自建文本（货币政策执行报告）；银行数据	高	预期管理；信号效应	无	流动性囤积适中的银行效果更明显；城商行与农商行受影响更大；创新能力、监管强度、经济繁荣强化缓解作用	行为或结果代替：银行流动性囤积	央行
YQ-047	市场利率对住房按揭贷款的传导效应研究	钟春平	财贸经济	2025(6)	其他实证	债券市场利率	—（连续变量）	连续变量（非冲击）	一般回归	住房按揭贷款利率（市场利率传导）	商业银行微观住房按揭贷款利率；预期因素中介【预期：测法摘要未给】	商业银行微观住房按揭贷款数据	高	经济政策不确定性；货币政策传导	无	非国有银行、省会城市传导更高；EPU削弱传导，适度利率波动提高传导；预期因素表现为遮掩效应	摘要未给：预期因素作中介	不涉及
YQ-048	互联网交易税收流失治理问题探究	邹洋	税务研究	2025(6)	阐释综述	—	—	—	—	—	—	—	—	税收遵从；预期引导；数字技术	—	—	—	—
YQ-049	“土地稳定器”：一个政府房地产交易的新机制	张勇	数量经济技术经济研究	2025(6)	模型模拟	政府逆周期房地产交易机制（"土地稳定器"）替代土地财政	—（模型；现实背景为鼓励政府回购存量房，摘要未给年份）	无（模型冲击）	结构模型	宏观经济波动（土地财政替代）	DSGE模拟的宏观波动与预期产出	摘要未给（校准）	高（模型输出）	土地财政替代	用"土地稳定器"替代"土地财政"每年预期产出增加0.61个百分点	"房地产金融加速器"为主要传导机制；增强货币政策稳定效果	不涉及	不涉及
YQ-050	媒体ESG报道情绪与公司债券风险溢价——基于信息传导视角的证据	邓国营	金融研究	2025(5)	其他实证	媒体ESG报道情绪	—（连续变量）	连续变量（非冲击）	一般回归	公司债券风险溢价	信用利差分解出的超额风险溢价与违约风险（远期密度模型）【预期：市场价格隐含，超额风险溢价反映投资者风险感知】	上市公司债券（2009—2022）；媒体报道文本	高	绿色金融；ESG；市场信心	无	主要降低超额风险溢价而非基本面违约风险；信息环境差时作用更强；EPU上升、市场信心低迷时预期修正效应更显著	市场价格隐含：超额风险溢价	媒体
YQ-051	产业数字化与全球价值链利益分配的公平性——基于贸易收益与隐含碳排放成本视角	贾真	数量经济技术经济研究	2025(5)	其他实证	产业数字化	—（连续变量）	连续变量（非冲击）	一般回归	全球价值链利益分配公平性	双边贸易和环境不公平性指数（贸易利得与贸易隐含碳排放负担）	双边层面跨国数据（来源摘要未给）	高	经济政策不确定性（关键词）	无	机制为中间品贸易技术溢出与缩小GVC分工地位差距；国家间开放、创新、规则协同强化效果	不涉及	不涉及
YQ-052	投机性预期视角下的房价波动与宏观经济周期	张同斌	经济学(季刊)	2025(4)	模型模拟	投机性非理性预期（学习效应）；政策：引入房地产税	—（模型）	无（模型冲击）	结构模型	房价波动与宏观经济周期	模型模拟的房价、产出、消费波动【预期：基于学习效应的投机性预期为模型设定】	摘要未给	高（模型输出）	脱实向虚；房地产税	无	房地产税可抑制投机、稳定周期，但趋势上导致总产出显著下滑，推行时机需谨慎	模型设定（未实测）：投机性学习预期	不涉及
YQ-053	中央银行通货膨胀预期管理有效性评估——基于文本通货膨胀预期指数的研究	郭豫媚	金融研究	2025(4)	其他实证	央行通货膨胀预期引导	—（连续变量）	连续变量（非冲击）	摘要未给	央行通胀预期管理有效性（市场通胀预期）	周度市场通货膨胀预期指数【预期：文本，宏观经济研究报告文本经机器学习构建】	自建文本（中国宏观经济研究报告）	中	预期管理；央行沟通；健全预期管理机制	无	附理论模型；政策空间缩小、不确定性上升、市场预测能力不足时央行预期管理作用更大	文本：宏观研究报告机器学习通胀预期指数	央行
YQ-054	经济增长目标引领与项目推进：基于中国PPP项目进程的分析	汪峰	世界经济	2025(3)	其他实证	地方政府经济增长目标加码幅度	—（连续变量）	连续变量（非冲击）	一般回归	PPP项目推进	PPP项目签约时长；合同预期违约风险；再谈判可能性	2014—2018年地方政府发起的5038个PPP项目	高	PPP新机制；有效投资；目标引领增长	无	绩效排名下降、目标"硬约束"、晋升动机强城市更明显；目标压力转为财政支出压力并推高违约风险	不涉及	不涉及
YQ-055	中国式现代化税务实践中的预期管理浅析	邓力平	税务研究	2025(3)	阐释综述	—	—	—	—	—	—	—	—	预期管理；中国式现代化；效能税务	—	—	—	—
YQ-056	地方债的稳就业效应：来自中小银行专项债的证据	毛捷	数量经济技术经济研究	2025(3)	冲击回归	中小银行专项债（地方政府专项债补充中小银行资本）	约2020（常识：2020年起发行；摘要未给年份）	分批试点或分地区推开	多期DID	稳就业（企业劳动雇佣）	新三板中小企业劳动雇佣规模；人力资本结构【预期：改善市场主体预期为机制，测法摘要未给】	中小银行专项债项目数据；新三板中小企业	高	稳就业；财政金融协同；稳市场主体保就业；专精特新	无	交叠DID；机制为缓解融资约束、改善市场主体预期；支持农村金融机构的专项债就业效应更明显	摘要未给：市场主体预期作机制	不涉及
YQ-057	暴雨如何冲击城市——来自极端降水与城投债信用利差的证据	纪洋	经济学(季刊)	2025(2)	冲击回归	极端降水事件	—（反复发生的自然事件，样本2012—2020）	自然或历史	摘要未给	城市经济风险	城投债发行信用利差（日度）【预期：市场价格隐含，利差反映金融市场对当地经济风险的预期】	地级市城投债日度数据	中	城市治理；气候风险	无	财政金融能力强、应急管理能力强、排水防涝设施好的地区冲击缓解	市场价格隐含：城投债发行利差	不涉及
YQ-058	财政空间约束下地方政府专项债的经济稳定效应	杜爽	财贸经济	2025(1)	其他实证	地方政府专项债（专项债乘数），门槛变量为财政空间	—（连续变量）	连续变量（非冲击）	一般回归	专项债的经济稳定效应	总产出（专项债总产出乘数）	地方面板（来源摘要未给）	高	高质量发展；专项债管理制度	无	阈值面板模型；财政空间超过阈值时稳定效应被削弱；多数地方已超阈值，经济大省相对乐观	不涉及	不涉及
YQ-059	关税冲击与企业数字技术应用	李涛	经济研究	2024(12)	冲击回归	中美贸易摩擦企业层面关税冲击（美国加征关税）	约2018（常识；摘要未给年份）	外国政策	摘要未给	企业数字技术应用	年报文本经大语言模型构建的企业数字技术应用程度	上市公司年报文本；海关数据；关税变化数据（2015—2020）	中	无	无	中国加征关税效应不显著；机制为供应链、竞争压力、EPU与融资成本；上下游受冲击也影响应用决策	不涉及	不涉及
YQ-060	货币政策预期管理的策略选择：模糊沟通与精确沟通	陈良源	管理世界	2024(12)	模型模拟	央行沟通模糊程度（信息区间建模）	—（模型）	无（模型冲击）	结构模型	货币政策有效性与社会福利	数值模拟的信息偏差、学习偏差、预期偏差与福利损失【预期：适应性学习为模型设定】	无（数值模拟）	高（模型输出）	预期管理；政策沟通；健全预期管理机制	无	央行信息质量优时精确沟通更好；低信息质量与高不确定性下适度模糊可减少福利损失；区间过大则失效	模型设定（未实测）：适应性学习	央行
YQ-061	财政预算绩效管理改革公告和城投债信用利差	阮睿	财政研究	2024(12)	冲击回归	各省财政预算绩效管理改革公告（改革文件发布）	约2018—2019（常识：中央2018年9月部署后各省陆续发文；摘要未给年份）	分批试点或分地区推开	普通DID	城投债信用利差	城投债二级市场信用利差（违约风险预期）【预期：市场价格隐含】	城投债二级市场交易数据	高	预算绩效管理；财税体制改革；化解地方政府债务风险；公告效应	无	摘要仅称双重差分；利差下降主要来自违约风险预期下降；财政缺口低、透明度高、经济发达、政商关系好地区及AA+债更显著	市场价格隐含：城投债信用利差	地方政府（省级改革公告；发文机关摘要未给）
YQ-062	跨境投融资便利、资本流动与经济稳定	孙坚强	经济研究	2024(11)	模型模拟	跨境投融资便利（内地—香港—美国多经济体非对称开放模型）	—（模型）	无（模型冲击）	结构模型	资本流动与经济稳定	模型模拟的资本流动、产出波动与福利损失【预期：市场恐慌情绪为模型情景】	摘要未给	高（模型输出）	预期管理；金融高水平对外开放	无	便利化形成互补性资本流动循环、降低波动；恐慌情绪下反向加剧资本外逃，建议监测情绪、及时管理预期	模型设定（未实测）：市场恐慌情绪情景	不涉及
YQ-063	预期引导、经济韧性与宏观经济治理	陈雨恬	管理世界	2024(11)	其他实证	乐观与悲观市场预期的传导强度	—（连续变量）	连续变量（非冲击）	摘要未给	经济韧性（宏观经济与金融市场韧性）	宏观经济与金融市场韧性测度（方法摘要未给）【预期：摘要称"准确刻画了我国的市场预期"，测法未给】	摘要未给	摘要无法判断	预期引导；预期管理；宏观经济治理；社会预期偏弱；稳定宏观经济大盘；高质量发展	无	金融市场对悲观预期更敏感；乐观传导走高、悲观传导转弱均提升韧性	摘要未给：市场预期	不涉及
YQ-064	“金融科技-实体经济”匹配与企业绿色转型	徐斯旸	财贸经济	2024(11)	其他实证	"金融科技—实体经济"匹配度	—（连续变量）	连续变量（非冲击）	一般回归	企业绿色转型	企业绿色转型（具体指标摘要未给）；融资约束、环保支出、风险承担	A股上市企业（2011—2020）	摘要无法判断	绿色转型；绿色信贷政策	无	EPU较高时促进效果更好；污染排放高地区驱动力更强	不涉及	不涉及
YQ-065	金融稳定沟通与银行系统性风险	姜富伟	世界经济	2024(10)	其他实证	中国人民银行金融稳定沟通情绪（词典法，2010—2020年全部沟通文本）	—（连续变量）	连续变量（非冲击）	一般回归	银行系统性风险	上市商业银行系统性风险（具体指标摘要未给）；流动性风险、信用风险、风险传染【预期：存款人预期为机制，未直接测】	自建文本（人民银行网站沟通文本）；A股上市商业银行	摘要无法判断	预期管理；金融稳定	无	正面沟通超过临界值后可能提高系统性风险	行为或结果代替：银行系统性风险	央行
YQ-066	境外投资者持股缓解了控股股东掏空行为吗?	张浩	金融研究	2024(10)	其他实证	境外投资者持股	—（连续变量）	连续变量（非冲击）	一般回归	控股股东掏空	控股股东资金占用	A股上市公司（手工整理境外股东）	中	资本市场开放；上市公司质量	持股比例5%及以上才能有效抑制（门槛）	机制为内部治理与外部监督；EPU较高时期抑制更明显	不涉及	不涉及
YQ-067	“省直管县”财政体制改革对县级政府举债行为的影响研究	樊丽明	财贸经济	2024(10)	冲击回归	"省直管县"财政体制改革	约2009（常识：财政部2009年推进意见；各县分批，样本2008—2019）	分批试点或分地区推开	多期DID	县级政府举债行为	县级政府债务（手工整理）【预期：被救助预期为机制，测法摘要未给】	手工整理1677个县级单位改革与债务数据（2008—2019）	高	省以下财政体制改革；新一轮财税体制改革；地方债务风险长效机制	无	机制为缓解财政压力、强化被救助预期、削弱被监督约束；与省县经济实力、救助资源自主性、财政透明度与审计效率相关	摘要未给：被救助预期作机制	不涉及
YQ-068	优化中央与地方财政关系研究	刘尚希	财贸经济	2024(10)	阐释综述	—	—	—	—	—	—	—	—	新一轮财税体制改革；高质量发展；财政体制可预期性	—	—	—	—
YQ-069	央行沟通公告有助于提升政策利率的传导效率吗？	欧阳志刚	数量经济技术经济研究	2024(10)	其他实证	央行沟通公告（定量公告与定性公告；公开市场"小纸条"）	—（多次公告）	宏观或信息冲击	摘要未给	政策利率传导效率	政策利率向货币市场短期利率的传导效率；"小纸条"语调变化与文本相似度【预期：公众信任为机制，未直接测】	自建文本（央行公告、"小纸条"）；货币市场利率	高	央行沟通	无	定量公告提升传导效率、定性公告不显著；"小纸条"作用最显著，沟通精度越高引导效果越明显	行为或结果代替：货币市场利率传导	央行
YQ-070	政府数据开放与资本区际流动：企业异地投资视角	彭远怀	数量经济技术经济研究	2024(10)	冲击回归	地方政府数据开放平台开通	摘要未给	分批试点或分地区推开	摘要未给（称准自然实验）	资本区际流动（企业异地投资）	企业在目的地的子公司数量与注册资本；边际税费负担与非生产性成本	企业子公司数据（库名摘要未给）	中	区域协调发展；国家治理体系和治理能力现代化	无	机制为降低制度交易成本；更多流向市场化慢、干预强、EPU高的目的地；非国有、融资约束强企业更明显	不涉及	不涉及
YQ-071	经济政策不确定性、国家宏观风险与国际证券投资	杨娇辉	金融研究	2024(8)	其他实证	资金来源地经济政策不确定性	—（连续变量）	连续变量（非冲击）	一般回归	国际证券投资	双边国际证券投资头寸（22个来源地对91个目的地）；目的地宏观风险分布	双边国际证券投资头寸（2001—2019，来源摘要未给）	高	无	无	跨境金融资产交易引力模型；EPU上升提高对外证券投资，并更多配置到宏观风险高但相关性低的目的地	不涉及	不涉及
YQ-072	美国三类不确定性冲击、生产网络传导与中国行业尾部风险	李政	金融研究	2024(8)	其他实证	美国经济不确定性、金融不确定性与经济政策不确定性	—（时间序列）	宏观或信息冲击	一般回归	中国行业尾部风险	行业尾部风险（直接效应与网络效应）	行业数据与投入产出关联（来源摘要未给）	高	无	总效应的40%以上来自网络效应	HSAR模型；贸易摩擦期间美国金融不确定性影响更剧烈；EPU主要由上游向下游传导	不涉及	不涉及
YQ-073	中国企业捐赠税收价格弹性估计	谢贞发	财政研究	2024(8)	冲击回归	企业捐赠税前扣除限额拐点形成的捐赠税收价格（常识：年度利润总额12%限额）	约2008（常识：企业所得税法12%限额；2017年修订允许结转三年）	全国统一政策	群聚	企业捐赠税收价格弹性	企业捐赠（集约边际与扩展边际）	摘要未给	高	第三次分配；共同富裕	集约边际弹性−0.127，控制调整摩擦后长期约−0.216；扩展边际−1.267	另用工具变量；响应有滞后；社会信用环境影响激励效能；政策放宽预期下有跨期调整	不涉及	不涉及
YQ-074	财政收入增长目标的稳预期机制识别——基于微观企业行为考察	付阳	财政研究	2024(8)	其他实证	《政府工作报告》发布的财政收入增长目标	—（连续变量）	连续变量（非冲击）	一般回归	企业预期（稳预期机制）	上市公司年报文本语调；企业投资支出；税收负担与预算支出安排【预期：文本，上市公司年报语调】	上市公司（年报文本）；政府工作报告	中	稳预期；提振信心；预期管理；政策沟通；财政透明度	无	目标虽增加税负，但经增加预算支出释放政府信心与承诺"信号"，改善企业预期并增加投资	文本：上市公司年报语调	地方政府（政府工作报告；摘要以"层层加码"语境指向地方目标，层级未明写）
YQ-075	政策信号与流动人口长期居留意愿	张同斌	世界经济	2024(7)	其他实证	城市政府工作报告中提取的政策信号（文本）	—（连续变量）	连续变量（非冲击）	一般回归	流动人口长期居留意愿	流动人口长期居留意愿；人口流入；社会融合度、满意度、未来信心【预期：问卷类变量，调查名摘要未给】	自建文本（城市政府工作报告）；流动人口调查（名称摘要未给）	高	政策信号；民生政策	无	信号促进财政支出增长与政策落地；横向信息增量越多、纵向增量越少越有利于人口流入	问卷：流动人口未来信心与居留意愿	地方政府
YQ-076	增值税留抵退税、预期与企业雇佣	陈宇	金融研究	2024(7)	冲击回归	增值税留抵退税政策（多期）	约2018（常识：2018年试行，2019、2022年扩围；摘要未给）	分批试点或分地区推开	多期DID	企业雇佣	企业雇佣规模；机制：流动性约束、要素投资决策、经营主体信心【预期：文本，关键词含"文本分析"，文本来源摘要未给】	A股上市公司（2016—2022）	高	预期管理；提振经营主体信心	雇佣规模平均扩大2.31%	资本密集、成长期、非国企、融资约束大企业更显著；政府预期管理水平更高的地区就业效应更大	文本：经营主体信心（文本分析）	地方政府（政府预期管理水平为调节变量）
YQ-077	公众异质预期、信息成本与货币政策传导	宋芳秀	金融研究	2024(7)	其他实证	公众异质预期（央行储户问卷）	—（时间序列）	连续变量（非冲击）	局部投影或VAR	货币政策传导	区制转移VAR中的货币政策传导效果（具体变量摘要未给）【预期：问卷，中国人民银行储户问卷调查2001—2021】	中国人民银行储户问卷调查	摘要无法判断	预期管理；预期引导	无	异质预期阻碍传导、加剧波动；理论：信息成本差异扩大使更多个体采用不完全信息预期，加剧信息效应	问卷：央行储户问卷	不涉及
YQ-078	地方债务置换与融资平台债务扩张	李一花	财贸经济	2024(7)	冲击回归	中央主导的地方债务置换（城市置换债券规模）	2015	地区强度差异	摘要未给	融资平台债务扩张	融资平台新增城投债净发行额；地方财政（投资性）支出及效率【预期：救助预期为机制，测法摘要未给】	依申请公开收集的241个城市置换债券数据；新增城投债数据（2015—2018）	高	隐性债务；救助预期；防范化解地方债务风险长效机制	无	债务置换激励投资性支出过度扩张并降低效率；阻碍融资平台市场化转型	摘要未给：救助预期作机制	不涉及
YQ-079	重大事件对经济金融风险溢出水平的持续影响	胡春阳	财贸经济	2024(7)	冲击回归	金融重大事件与经济重大事件（结构突变识别）	—（多次事件，2002—2022）	宏观或信息冲击	局部投影或VAR	经济金融风险溢出水平	经济金融风险溢出水平（测法摘要未给）【预期：需求和预期下行风险为渠道，测法摘要未给】	金融市场与经济部门数据（2002.1—2022.12）	摘要无法判断	三重压力；财政政策	无	平滑局部投影；金融事件冲击更高、经济事件更稳定；扩张的支出型财政政策抑制效果优于货币政策与宏观审慎	摘要未给：预期下行风险渠道	不涉及
YQ-080	央行沟通与资产价格——识别“潜在”未预期货币政策信息	董青马	金融研究	2024(6)	冲击回归	央行沟通事件（会议通报、政策报告、口头沟通）中的未预期货币政策信息	摘要未给	宏观或信息冲击	事件研究	资产价格	事件窗口股票价格变动；债券市场【预期：市场价格隐含，未预期信息由资产价格反应识别（卡尔曼滤波潜在因子）】	股票与债券市场价格；央行沟通事件	高	预期管理；央行沟通	事件窗口约96%以上股价变动由未预期信息解释	政策报告影响大于会议通报；宽松/紧缩非对称，投资者对紧缩更敏感；口头沟通也有效	市场价格隐含：资产价格反应	央行
YQ-081	央行沟通模糊性的测度及宏观经济效应研究	陈良源	财贸经济	2024(6)	其他实证	央行沟通模糊性（监督词典法测政策倾向概率分布＋赫芬达尔多样性指数）	—（连续变量）	连续变量（非冲击）	局部投影或VAR	央行沟通模糊性的宏观经济效应	公众预期分歧；实际产出；CPI；货币政策有效性【预期：预期分歧测法摘要未给】	自建文本（央行口头与书面沟通）；欧洲央行沟通	高	预期管理；央行沟通；预期分歧	无	混频SVAR与平滑区制转移模型；模糊性扩大预期分歧、降低产出和CPI并削弱货币政策有效性；欧洲央行证据稳健	摘要未给：公众预期分歧	央行
YQ-082	贷款市场报价利率的定价机制与宏观效应	殷红	管理世界	2024(6)	模型模拟	贷款市场报价利率（LPR）形成机制改革	约2019（常识：2019年8月改革；摘要未给年份）	全国统一政策	结构模型	降息有效性与金融稳定	仿真模拟的贷款利率传导、两阶段加点与金融稳定	摘要未给	高（模型输出）	疏通货币政策传导；降低实体经济融资成本；政策信号	无	全局博弈建模；MLF利率疏通传导、自主加点挤出虚高水分；报价行信息精确度提高增强降息有效性与稳定性	不涉及	不涉及
YQ-083	增值税留抵退税与企业内部薪酬差距	杨得前	税务研究	2024(6)	冲击回归	2018年增值税留抵退税改革	2018	全国统一政策	普通DID	企业内部薪酬差距	管理层与普通员工平均薪酬；高管—员工、高管之间、高低技能员工间薪酬差距	非金融A股上市公司（2013—2021）	高	共同富裕；积极财政政策；改善社会预期	无	资本密集、高竞争、员工议价能力低企业更显著；经缓解融资约束、增加固定资产投资改善绩效	不涉及	不涉及
YQ-084	政策保障与中国债券市场高质量发展：一个统一的分析框架	王永钦	管理世界	2024(5)	其他实证	经济政策不确定性指数	—（连续变量）	连续变量（非冲击）	一般回归	债券市场高质量发展（结构性变化）	债券融资期限、保护条款、利差、高评级企业融资占比	中国债券市场（来源摘要未给）	中	金融强国；高质量发展；政策保障	无	抵押品均衡理论框架；高信用企业保控制权缩期限，低信用企业让渡控制权	不涉及	不涉及
YQ-085	双循环背景下外部经济政策不确定性负向冲击的化解研究：基于企业投资行为视角	郝大鹏	财贸经济	2024(4)	其他实证	外部经济政策不确定性（×企业及客户海外营收占比）	—（时间序列）	宏观或信息冲击	一般回归	企业投资	企业投资	企业及客户海外营收数据（来源摘要未给）	高	双循环；国内大循环	无	外部需求直接渠道与供应链传导效应；客户集中度下降可缓解；参与国内大循环可化解	不涉及	不涉及
YQ-086	风险成本观下企业的成本变动和预期改善路径——2023年“企业成本”调研总报告	刘尚希	财政研究	2024(3)	测度	无（调研描述）	—	无	无	企业成本变动与预期改善路径	企业成本水平与结构（问卷）【预期：问卷为企业成本调研，是否含预期题项摘要未给】	中国财政科学研究院2023年"企业成本"全国线上问卷与实地调研	中	预期管理；改善企业预期；提振社会信心；降成本；公共风险	无	2023年企业成本整体上升且结构变化；主张以风险成本观降低公共风险；标题含"预期改善"，实测为成本	摘要未给：问卷为企业成本调研	不涉及
YQ-087	2023年税收理论研究综述	谷成	税务研究	2024(3)	阐释综述	—	—	—	—	—	—	—	—	社会预期偏弱；党的二十大精神	—	—	—	—
YQ-088	地方政府债务置换与企业杠杆率分化——兼论优化地方债务结构	李志生	经济研究	2024(2)	冲击回归	2014—2015年地方政府债务管理体制改革（债务置换计划）	2015（2014—2015年推出）	全国统一政策	摘要未给	企业杠杆率分化	非国有企业相对国有企业的杠杆率；银行信贷供给；隐性担保预期【预期：测法摘要未给】	摘要未给	高	高质量发展；地方债务风险；实体经济	无	中小企业、低金融化企业、财政分权高与信贷配置市场化高地区更显著；机制为缓解挤出、增加信贷、降低隐性担保预期	摘要未给：隐性担保预期作机制	不涉及
YQ-089	美联储货币政策溢出、央行预期管理与中国资产价格	李斌	世界经济	2024(1)	其他实证	美联储货币政策冲击与沟通情绪；中国央行沟通情绪（中文情感词典）	—（连续变量）	外国政策	摘要未给	中国资产价格（A股）	A股市场；投资者负向预期与分歧【预期：测法摘要未给】	自建文本（中美央行沟通）；A股市场	高	预期管理；央行沟通；以我为主兼顾内外平衡	无	美联储消极沟通情绪显著影响A股；中国央行积极沟通可缓和；渠道为信号渠道与协同渠道	摘要未给：投资者预期与分歧	央行（中国人民银行；另含美联储）
YQ-090	中国经济发展的机遇与挑战——学习中央经济工作会议精神座谈会综述	中国社会科学院工业经济研究所课题组	中国工业经济	2024(1)	阐释综述	—	—	—	—	—	—	—	—	中央经济工作会议；稳预期；高质量发展；逆周期和跨周期调节	—	—	—	—
YQ-091	积极财政政策的回顾与展望	吕炜	财政研究	2024(1)	阐释综述	—	—	—	—	—	—	—	—	积极财政政策；宏观经济治理	—	—	—	—
YQ-092	防范“脱实向虚”的另一面：契税税率下调与企业房产投机	唐飞鹏	数量经济技术经济研究	2024(1)	冲击回归	地方政府依《契税暂行条例》和《契税法》授权下调契税税率	摘要未给	分批试点或分地区推开	摘要未给（称准自然实验）	企业房产投机（脱实向虚）	实体企业房产投机行为（测法摘要未给）；创新投资、设备投资、寻租支出【预期：预期经营风险与财务风险为机制，测法摘要未给】	摘要未给	摘要无法判断	脱实向虚；高质量发展；营商环境；土地财政	无	融资紧、税费重企业与土地财政依赖高地区更显著；机制为"蓄水池"效应与替代效应	摘要未给：预期经营风险作机制	不涉及
YQ-093	数字政府促进经济发展：理论机制与跨国证据	周荃	数量经济技术经济研究	2023(12)	其他实证	数字政府建设	—（连续变量）	连续变量（非冲击）	一般回归	经济发展	劳均产出；企业获取政务服务的时间与程序数	2002—2019年全球167个经济体	中	数字政府；高质量发展；国家治理体系和治理能力现代化	无	附一般均衡模型；机制为降低合规成本；需提高数字政府使用率	不涉及	不涉及
YQ-094	央行言辞沟通与银行信贷投放：总量与结构效应	王宇伟	金融研究	2023(11)	其他实证	央行言辞沟通方向（宽松/紧缩）	—（连续变量）	连续变量（非冲击）	一般回归	银行信贷投放（总量与结构）	46家商业银行信贷投放总量；分行业信贷（政府平台、房地产、制造业）【预期：未直接测，以银行信贷行为反映】	46家商业银行（2012—2021）	高	预期管理；金融供给侧结构性改革；服务实体经济	无	宽松方向影响强于紧缩；宽松增量主要流入政府平台和房地产；2018年后信贷结构改善	行为或结果代替：银行信贷投放	央行
YQ-095	共建“一带一路”与互联互通深化——基于沿线国家间的视角	周茂	管理世界	2023(11)	冲击回归	共建"一带一路"倡议（沿线国家为处理组）	2014（摘要称2014年倡议实施）	全国统一政策	普通DID	沿线国家间互联互通	"五通"网络规模、密度、节点联系（政策沟通、设施联通、贸易畅通、资金融通、民心相通）	沿线国家双边数据（来源摘要未给）	高	一带一路高质量发展；互联互通	无	结合复杂网络分析；海上丝路国家间效应更突出；收入差距大的国家间政策沟通、资金融通效应更突出	不涉及	不涉及
YQ-096	“去刚兑”背景下的企业债券违约风险：机器学习预警和经济机制探究	姜富伟	金融研究	2023(10)	测度	无（机器学习违约预警，1245个变量）	—	无	无（机器学习预测）	企业债券违约风险	债券违约（预测）	宏观经济—微观企业混合大数据集	高	去刚兑；金融稳定；服务实体经济	无	非线性机器学习优于Altman、Merton与信用评级模型；EPU高时期预测能力更强	不涉及	不涉及
YQ-097	政策脱钩与市场信念：来自隐债清零事件的证据	李娜	财贸经济	2023(10)	冲击回归	隐债清零试点事件（释放脱钩与救助信号）	摘要未给	分批试点或分地区推开	事件研究	市场信念（隐性担保预期）	城投债利差【预期：市场价格隐含】	城投债数据（库名摘要未给）	中	隐性担保预期；政策信号；加强市场预期引导；隐债治理长效机制	无	非参数与参数结合的事件研究；市场选择性相信救助而非脱钩，利差不升反降；高债务率地区更突出	市场价格隐含：城投债利差	其他（试点事件作为政策信号，发布主体摘要未给）
YQ-098	纳税声誉与企业风险——基于经济政策不确定性加剧的证据	刘强	财政研究	2023(10)	其他实证	企业纳税声誉（纳税信用评级）×经济政策不确定性加剧（2015—2019）	—（连续变量）	连续变量（非冲击）	一般回归	企业经营风险	企业经营风险变动；财政补贴；融资约束；经营表现	摘要未给	高	纳税信用；经济政策不确定性	无	纳税声誉带来更多补贴与更低融资约束；政商环境、行业、成熟度呈非对称效应	不涉及	不涉及
YQ-099	企业为何选择劳务外包——基于经济政策不确定性的解释	杨国超	中国工业经济	2023(9)	其他实证	经济政策不确定性（宏观、行业、企业层面NLP指标）	—（连续变量）	连续变量（非冲击）	一般回归	企业劳务外包选择	上市公司披露的劳务外包（手工整理）；生产效率；低学历员工用工需求	上市公司劳务外包信息（手工）；文本	高	无	无	民企更显著；宏观不确定性影响大于行业与企业层面；更多外包低端业务	不涉及	不涉及
YQ-100	央行预期引导可以降低银行系统性金融风险吗?——基于市场解读偏离的视角	王辉	金融研究	2023(9)	其他实证	货币政策执行报告文本情绪、市场解读情绪及央行预期情绪市场接收程度指数	—（连续变量）	连续变量（非冲击）	一般回归	银行系统性金融风险	商业银行系统性金融风险（具体指标摘要未给）；信贷与同业业务冲击【预期：文本，市场解读报告情绪＝市场接收程度】	自建文本（货币政策执行报告、市场解读报告）；商业银行资产负债表	摘要无法判断	预期引导；预期管理	无	三类指数均降低系统性风险且效果依次减弱；EPU大时被削弱；前瞻性文本影响大于回顾性	文本：市场解读报告情绪	央行
YQ-101	房价升值预期、财富幻觉与家庭消费——基于《国六条》的证据	王岳龙	数量经济技术经济研究	2023(9)	冲击回归	2006年5月《国六条》对90平方米以下中小户型的税收和信贷优惠（面积断点）	2006	全国统一政策	断点	家庭消费（房价升值预期）	家庭消费支出及分项；信贷约束；预期住房价值【预期：以90平方米断点识别的预期住房价值，具体测法摘要未给】	CHFS＋CFPS（2010—2017）	高	预期管理；后疫情时代	预期住房价格增加1%，家庭消费支出上升1.07%	"财富幻觉"强化影响；主要提高食品、衣着、医疗保健支出；未改变信贷约束	摘要未给：预期住房价值（断点识别）	不涉及
YQ-102	资产减值信息与地方政府隐性债务风险预测	罗宏	管理世界	2023(8)	其他实证	省级汇总的上市公司资产减值损失	—（连续变量）	连续变量（非冲击）	一般回归	地方政府隐性债务风险（预测）	城投债反映的隐性债务风险；投资者"隐性担保"预期【预期：市场价格隐含，城投债定价】	沪深A股上市公司（省级汇总）；城投债	中	隐性债务；防范系统性风险	无	资产减值反映财政实力与隐性债务负担；中央转移支付、债务置换与政府干预削弱预测效度	市场价格隐含：城投债定价中的隐性担保预期	不涉及
YQ-103	新经济形势下税收优惠政策调整策略刍议	国家税务总局河北省税务局课题组	税务研究	2023(8)	阐释综述	—	—	—	—	—	—	—	—	稳定市场预期；促消费强预期；减税降费；留抵退税；六税两费	—	—	—	—
YQ-104	经济政策不确定性、企业货币政策感知与实业投资	张成思	财贸经济	2023(7)	其他实证	经济政策不确定性×企业货币政策感知指数（年报文本）	—（连续变量）	连续变量（非冲击）	一般回归	企业实业投资	企业实业投资【预期：文本，年报构建的货币政策感知指数，分回顾与展望】	A股非金融上市公司（2009—2018）；年报文本	高	预期管理；政策不确定性	无	作用主要来自展望部分；渠道为实物期权与金融摩擦；资产可逆性低、外源融资依赖高企业更有效	文本：年报货币政策感知（展望）指数	不涉及
YQ-105	经济政策不确定性与企业技术型并购——基于企业间的策略性互动关系视角	邢斐	中国工业经济	2023(6)	其他实证	经济政策不确定性	—（连续变量）	连续变量（非冲击）	一般回归	企业技术型并购	技术型并购倾向；并购溢价；标的创新产出与研发投入	上市企业（2004—2017）	高	高质量发展；产业升级	无	竞争性行业、民企与下行期更显著；被收购方索要高价，收购方偏好已实现的创新	不涉及	不涉及
YQ-106	房价控制与工业污染：来自房地产市场乱象治理的证据	文强	世界经济	2023(6)	冲击回归	2018年7—12月"治理房地产市场乱象专项行动"（试点城市）	2018	分批试点或分地区推开	普通DID	工业污染	试点城市房价水平；工业污染程度（具体指标摘要未给）	城市数据（来源摘要未给）	摘要无法判断	土地财政；环境规制	无	地方政府为应对土地财政冲击放松环境监管；促进创新与加强环境规制可缓解	不涉及	不涉及
YQ-107	刚兑信仰分化：隐性担保预期与城投债定价	曹婧	世界经济	2023(6)	冲击回归	地方政府债务恳谈会召开（传递救助预期）	摘要未给	宏观或信息冲击	普通DID	城投债定价（隐性担保预期）	城投债一级市场发行信用利差与二级市场交易信用利差【预期：市场价格隐含】	债券发行与交易季度数据（2019—2021）	高	刚兑信仰；隐性担保；兜底信号；市场预期分歧	无	一级市场利差收窄（隐性担保）、二级市场利差扩大（隐性担忧）；机制为承销议价能力与财政金融资源调动能力	市场价格隐含：一二级市场信用利差	地方政府
YQ-108	经济政策不确定性与企业数字化战略：效应与机制	祝树金	数量经济技术经济研究	2023(5)	其他实证	经济政策不确定性	—（连续变量）	连续变量（非冲击）	一般回归	企业数字化战略（数字化转型）	企业数字化转型程度（测法摘要未给）；经营成本与经营风险	摘要未给	摘要无法判断	高质量发展；降本增效	EPU每提高1个标准差，企业数字化转型程度平均提高16.32%	机制为提高经营成本与经营风险的倒逼；数字化优于金融化与现金持有；行业内溢出加强正向作用	不涉及	不涉及
YQ-109	增值税立法：意义重大  影响深远——兼论《中华人民共和国增值税法（草案）》仍需解决的几个问题	朱江涛	税务研究	2023(5)	阐释综述	—	—	—	—	—	—	—	—	增值税立法；税收法定；稳定市场主体税收预期；党的二十大；法治中国	—	—	—	—
YQ-110	土地财政、基建投资扩张与生产率下降	梅冬州	经济学(季刊)	2023(4)	模型模拟	地方政府土地财政与土地抵押融资	—（模型）	无（模型冲击）	结构模型	生产率下降（TFP贡献）	多部门DSGE模拟的TFP贡献率与资源配置效率【预期：企业应用新技术的预期收益为模型设定】	摘要未给	高（模型输出）	土地财政	无	房价上升带来的财政收入流向基建、土地抵押融资抬高非基建部门资金成本	模型设定（未实测）：新技术预期收益	不涉及
YQ-111	中国式影子银行对于地方融资平台债务的定价机制研究	邵新建	金融研究	2023(4)	其他实证	城市土地市场景气（土地价格、流拍）与刚性兑付预期（信托公司兑付能力、国有产权）	—（连续变量）	连续变量（非冲击）	一般回归	影子银行对融资平台债务的定价	政信合作信托产品信用利差（178个城市，2010—2017）【预期：市场价格隐含；刚兑预期以资本充足率、杠杆率、国有产权等代理】	信托公司政信合作类投资产品	高	刚性兑付；土地财政	无	新《预算法》颁布显著弱化国有产权与刚兑预期的正向关系（另一冲击）；地理关联降低风险补偿	市场价格隐含：信托产品信用利差	不涉及
YQ-112	企业研发风险、央地选择偏好与政府补贴政策优化研究	刘净然	财政研究	2023(4)	其他实证	中央与地方研发补贴（手工整理）	—（连续变量）	连续变量（非冲击）	一般回归	企业研发投入	企业研发投入	上市公司（2007—2020）；手工整理的中央与地方研发补贴	高	原创技术策源地；产业链供应链；央地财政事权与支出责任	无	附含研发项目预期剩余期限的理论模型；中央补贴有激励作用，地方补贴有挤出效应	不涉及	不涉及
YQ-113	减税、增支与宽货币的宏观调控政策效应——基于CGE模型的模拟分析	刘元生	税务研究	2023(4)	模型模拟	减税、增加财政支出与宽松货币（政策方案）	—（模型）	无（模型冲击）	结构模型	宏观调控政策效应	CGE模拟的产出等宏观变量	摘要未给	高（模型输出）	三重压力；预期转弱；积极财政政策精准提效	无	财政效果优于货币；增值税减税最能促进产出，其次为民生性支出	不涉及	不涉及
YQ-114	积极财政政策举措能够实现“自融资”吗——基于初始财政状态的分析	王博	财贸经济	2023(3)	其他实证	外生财政冲击（支出型与税收型）	—（时间序列）	宏观或信息冲击	局部投影或VAR	地方财政可持续性（"自融资"）	地方负债率；市场预期（测法摘要未给）	省份季度数据	中	三重压力；积极财政政策；减税降费；放水养鱼	无	工具变量局部投影＋面板SVAR；初始财政压力小时正向支出冲击可"自融资"；减税型措施对地方财政负面影响更小	摘要未给：市场预期	不涉及
YQ-115	多重不确定性下的风险权衡与对冲——2022年“地方财政经济运行”调研总报告	中国财政科学研究院2022年“地方财政经济运行”课题组	财政研究	2023(3)	阐释综述	—	—	—	—	—	—	—	—	公共风险；风险对冲；超预期冲击；专项债	—	—	—	—
YQ-116	企业数字化转型与经济政策不确定性感知	方明月	金融研究	2023(2)	其他实证	企业数字化转型（文本）	—（连续变量）	连续变量（非冲击）	一般回归	企业经济政策不确定性感知	年报文本构造的企业层面EPU感知【预期：文本，年报】	A股制造业上市公司（2012—2020）；年报文本	中	稳预期；数字经济	数字化转型每提高1个标准差，EPU感知降低3.86%	稳健性用Bartik工具变量与合成双重差分（SDID）；渠道为减少信息不对称、提高信息处理能力	文本：年报EPU感知	不涉及
YQ-117	不确定性冲击、信贷资源错配与货币财政政策效果	王义中	世界经济	2023(2)	模型模拟	不确定性冲击（多部门一般均衡模型）	—（模型）	无（模型冲击）	结构模型	信贷资源错配与货币财政政策效果	模型中的信贷配置与错配程度【预期：投融资预期为模型设定】	摘要未给（典型事实）	高（模型输出）	结构性财政政策	无	扩张性货币政策效果有限；结构性财政政策（担保与救助）改善高风险企业信贷可得性与投融资预期	模型设定（未实测）：投融资预期	不涉及
YQ-118	媒体信息、预期冲击与经济周期波动——基于中文财经类报刊数据	郑挺国	数量经济技术经济研究	2023(2)	其他实证	新闻指数（LDA新闻主题关注度）识别的预期冲击与噪声冲击	—（时间序列）	宏观或信息冲击	局部投影或VAR	经济周期波动	消费、产出等宏观经济变量【预期：文本，中文财经报刊LDA主题关注度构建的新闻指数作为公众预期】	自建文本（中文财经类报刊）；宏观数据	高	预期管理	无	结构VAR；新闻指数领先消费与产出；预期冲击有永久影响，噪声冲击影响逐渐衰减	文本：财经报刊新闻指数	媒体
YQ-119	化解“三重压力”,促进经济发展质量与增长速度共同提升	汪红驹	财贸经济	2023(1)	阐释综述	—	—	—	—	—	—	—	—	三重压力；高质量发展；扩大内需战略；供给侧结构性改革；中国式现代化	—	—	—	—
YQ-120	经济波动、经营调整与增值税税负周期性	席鹏辉	财政研究	2023(1)	其他实证	经济波动（地市GDP预期目标与实际值差距）	—（连续变量）	连续变量（非冲击）	一般回归	增值税税负周期性	企业增值税实际税率；进项税额；固定资产投资与原材料库存；税务稽查强度	全国税收调查数据；手工搜集的地市《政府工作报告》	高	积极财政政策加力提效	无	增值税税率顺周期，源于经济下行时进项税额减少（压缩固定资产投资与库存），征管因素无法解释	不涉及	不涉及
YQ-121	不确定形势下企业面临的风险挑战和成本变化趋势——2022年“企业成本”调研总报告	刘尚希	财政研究	2023(1)	测度	无（调研描述）	—	无	无	企业风险挑战与成本变化	企业成本负担（问卷）；"组合式"税费支持政策成效	中国财政科学研究院2022年"企业成本"调研（13764份有效企业问卷及访谈）	高	组合式税费支持政策；预期管理；公共风险；降成本；治理效能	无	外部不确定性与公共风险叠加对冲降成本政策效果；主张"风险—成本"框架	不涉及	不涉及
