编号	题名	第一作者	期刊	年期	文章类型	A	A起始年	A类型	识别方法	标题C	实测C指标	数据来源	贴合度	热词	效应数字	备注
SY-001	重复截面数据下的计量分析工具——拟事件研究法的理论逻辑与中国实践	黄炜	数量经济技术经济研究	2026(9)	阐释综述	—	—	—	—	—	—	—	—	无	—	—
SY-002	公共教育投入、家庭人力资本投资与生育决策	罗楚亮	经济研究	2026(6)	模型模拟	公共教育投入及公共教育均等化（世代交叠模型中的政策变量）	—	无	结构模型	生育决策；家庭人力资本投资；收入不平等	模型内生变量：总和生育率、家庭私人教育投资、子女陪伴时间、收入不平等（非实测）	摘要未给	高	公共教育均等化；积极生育观	无	公共教育投入替代家庭私人教育投资与子女陪伴时间、降低养育成本从而提高总和生育率；均等化提高低人力资本家庭的公共教育可及性、降低收入不平等；降低养育时间成本和树立积极生育观也可提高生育率
SY-003	健全育幼服务支持体系对高质量就业的促进作用	袁璐璐	数量经济技术经济研究	2026(6)	冲击回归	企业育儿设施供给（雇主是否提供育儿设施）	摘要未给	市场或企业事件	普通DID	高质量就业（女性就业福利与职业发展）	女性员工工资水平；性别工资差距	中国居民收入分配课题组2023年城镇住户调查（CHIP）	中	健全育幼服务支持体系；人口长期均衡发展；高质量就业；生育友好型社会；生育支持体系	无	数据为2023年单年调查，双重差分的分组方式摘要未给；异质性：育儿需求强、企业福利保障弱、居住地附近缺托育资源的女性效应更大；机制：延长有效劳动供给时间、改善健康、提升专用性人力资本；有助于缩小性别工资差距
SY-004	人工智能技术进步与人口增长	王钰冰	世界经济	2026(5)	模型模拟	人工智能技术进步（市场部门脑力/体力工作偏向型；家庭部门生育数量/质量偏向型）	—	无	结构模型	人口增长	模型内生变量：人口数量增长率、人口质量增长率（结合中国数据模拟，非实测）	中国数据（用于模拟，具体来源摘要未给）	高	人口高质量发展	无	市场部门经性别工资差距、家庭部门经数量—质量替代影响人口增长；脑力工作偏向型和生育数量偏向型AI提高人口数量增长率但降低质量增长率，生育质量偏向型AI可对冲
SY-005	个人所得税改革对提升生育意愿的效应分析	黄春元	税务研究	2026(4)	冲击回归	2019年起实施的个人所得税改革（提高基本减除费用标准、引入六项专项附加扣除）	2019	全国统一政策	摘要未给	生育意愿	家庭生育意愿（具体度量摘要未给）	摘要未给	高	生育支持政策体系	无	机制：减轻家庭经济压力；异质性：中等收入家庭效应尤为突出；建议按抚养子女数差异化基本减除费用、提高3岁以下婴幼儿照护扣除额度、按教育阶段差异化子女教育扣除、探索负所得税式补助
SY-006	消费习惯、生育选择与中国经济增长	杜浩锋	世界经济	2026(3)	模型模拟	消费习惯（收入增长放缓时为维持消费习惯而减少生育）；政策实验为补贴降低养育成本	—	无	结构模型	生育选择；经济增长	模型内生变量：总和生育率、长期经济增长（定量分析，非实测）	摘要未给	高	生育支持政策	消费习惯引致的生育行为变化可解释中国2017—2023年约1/3的总和生育率下降	内生增长模型含生育决策与人力资本积累；政府补贴降低养育成本可提高生育率、带动长期增长，消费习惯强度越高效果越明显
SY-007	激励投资于人的税收制度与政策优化——基于人口发展趋势视角	薛钢	税务研究	2026(2)	阐释综述	—	—	—	—	—	—	—	—	投资于人；新发展格局；高质量发展；人才红利；人的全面发展	—	—
SY-008	完善促进投资于人税收政策体系的思考	李达	税务研究	2026(2)	阐释综述	—	—	—	—	—	—	—	—	投资于人；新质生产力；共同富裕；人口高质量发展；人口长期均衡发展；积极应对人口老龄化	—	—
SY-009	促进投资于物和投资于人紧密结合的税收制度与政策完善	黄智文	税务研究	2026(2)	阐释综述	—	—	—	—	—	—	—	—	投资于物和投资于人紧密结合；高质量发展；人的全面发展；生育友好型税收制度；人口高质量发展；扩大中等收入群体；扩大居民消费	—	—
SY-010	工业机器人使用、婚姻关系与少子化趋势	林峰	财贸经济	2026(2)	其他实证	工业机器人使用（跨国机器人使用强度）	—	连续变量（非冲击）	摘要未给	婚姻关系；少子化	适婚年龄人口结婚率、初婚年龄、离婚率；生育率、平均初育年龄	66个国家（地区）1993—2019年跨国面板（具体来源摘要未给）	高	无	无	A为技术类变量；机制：缩小性别收入差距（制造业男性工资下降、服务业女性工资上升）、提升人力资本（受教育年限延长）
SY-011	协同发力的财税治理方向：供需两侧、投资与消费、政策与改革	谢贞发	财政研究	2026(1)	阐释综述	—	—	—	—	—	—	—	—	供需两侧协同发力；以内需为主导；投资消费协同发力	—	—
SY-012	健全社会保障体系与居民生育率——基于长期护理保险视角	曾利飞	金融研究	2025(11)	冲击回归	长期护理保险制度	约2016（常识）	分批试点或分地区推开	摘要未给	居民生育率	非失能家庭与失能家庭的生育率（具体度量摘要未给）	摘要未给	高	健全社会保障体系；积极应对人口老龄化国家战略；社会保障体系可持续发展	无	A类型与起始年据常识（国家试点2016年起分批推开）；先建理论模型（削弱“养儿防老”效用、资源重置效应）；非失能家庭生育率下降，高收入、高医疗水平、城市家庭更显著；失能家庭净效应为正；亲情照护与正式照护融合模式有利于两类家庭生育
SY-013	税收促进公共服务均等化的机理、挑战与应对	李华	税务研究	2025(11)	阐释综述	—	—	—	—	—	—	—	—	公共服务均等化；区域协调发展；数字经济	—	—
SY-014	中国人口结构与税制结构：历史演变、特征及其作用机制	解垩	财政研究	2025(10)	阐释综述	—	—	—	—	—	—	—	—	生育友好型税制结构；现代化治理体系	—	—
SY-015	财政可持续能力：定义、现实挑战与提升路径	谢贞发	财政研究	2025(9)	阐释综述	—	—	—	—	—	—	—	—	财政可持续能力；百年变局；战略机遇和风险挑战并存；财税体制改革	—	—
SY-016	退休年龄、结构转型与人口增长	王钰冰	金融研究	2025(8)	模型模拟	劳动者退休年龄延迟（含男女退休年龄差异；模型变量）	—	无	结构模型	人口增长；结构转型	模型内生变量：人口增长率、制造业比重（理论推导，非实测）	摘要未给	高	无	无	摘要未提数值模拟；机制：收入增长效应与隔代抚养效应；若女性隔代抚养更有比较优势，女性退休年龄延迟可能降低人口增长率；女性劳动相对供给提高使制造业比重扩大
SY-017	生育支持税收政策完善探析	刘石敏	税务研究	2025(4)	阐释综述	—	—	—	—	—	—	—	—	生育支持；家庭、企业、政府生育责任共担	—	—
SY-018	产假政策改革与企业劳动力雇佣——来自中国企业雇主-雇员匹配数据的证据	刘宏	经济学(季刊)	2025(3)	冲击回归	产假改革	摘要未给	地区强度差异	摘要未给	企业劳动力雇佣	企业雇佣规模、女员工比例、用工成本；育龄女员工正规受雇、晋升、工资收入	中国企业雇主-雇员匹配数据调查	高	无	无	A类型据常识（各地产假天数不同）归类；雇佣规模无影响但女员工比例下降、有女员工休产假的企业用工成本上升；机制：性别歧视效应与成本转嫁效应、替代性用工成本；由生育保险基金支付地方产假津贴可缓解不利影响
SY-019	全面二孩政策对家庭“储蓄——消费”决策的影响	易祯	金融研究	2025(2)	冲击回归	全面二孩政策	约2016（常识）	全国统一政策	普通DID	家庭“储蓄—消费”决策	家庭时间偏好率（由理论模型推导测算）；享受型消费占比、储蓄率	CFPS；CHFS	中	无	无	PSM-DID，处理组为“政策敏感型家庭”；时间偏好率下降（更偏向未来），在经济脆弱性高、幸福和健康程度高、预期稳定的家庭更显著；考虑或已生二孩家庭享受型消费占比下降、储蓄率上升
SY-020	个人所得税政策对居民生育的影响及优化	司言武	税务研究	2025(2)	阐释综述	—	—	—	—	—	—	—	—	无	—	—
SY-021	生育假的企业成本与分担机制优化	叶菁菁	管理世界	2024(12)	冲击回归	2016年生育假政策调整强度	2016	地区强度差异	强度DID	生育假的企业成本	企业劳动力需求、用工成本（工资补偿直接成本、岗位空缺间接成本）、企业生产总值、生产效率	摘要未给	中	生育支持政策；人口长期均衡发展；政府—企业—家庭“三方分担”	数值模拟：生育假充分落地时政府需补足的资金缺口与企业缴费金额之比约为1∶2.7	先建企业—劳动者一般均衡模型（生育成本经就业风险传递，解释劳动力需求缩减与休假利用不足并存）；劳动要素调整伴随企业产值下降与效率损失
SY-022	生育补贴政策的激励效应与托底效应——来自生育补贴政策田野实验的证据	石智雷	经济研究	2024(11)	冲击回归	生育补贴政策（湖北省田野实验，补贴金额不同）	摘要未给	分批试点或分地区推开	田野实验	居民生育决策（激励效应与托底效应）	生育意愿：想生育的概率、明确不想生育的概率	湖北省生育补贴政策田野实验（自建）	中	生育支持	无	补贴效果存在“阈值”，仅高于一定额度才有正效应；托底效应强于激励效应；机制：降低生育成本；基层卫生行政部门消极执行弱化补贴作用
SY-023	促进人力资本发展的税收政策体系完善	石绍宾	税务研究	2024(11)	阐释综述	—	—	—	—	—	—	—	—	中国式现代化；强国建设、民族复兴伟业；人才引领发展战略	—	—
SY-024	教育对生育的异质性影响和作用机制：基于两个自然实验的估计	张川川	数量经济技术经济研究	2024(11)	冲击回归	受教育水平，以大学扩招（主）与义务教育政策改革两项自然实验识别	约1999（常识，大学扩招）	全国统一政策	摘要未给	生育（生育行为与生育意愿）	终生不生育概率、生育数量；机制：初婚初育时间、生育意愿	摘要未给	高	人口长期均衡发展	无	义务教育政策改革（约1986，常识）未改变生育行为；高等教育降低终生不生育概率、同时降低生育数量，经提高生育机会成本与养育成本、推迟初婚初育、缩短生育窗口期起作用，对生育意愿无显著影响
SY-025	子女教育专项附加扣除对家庭教育支出的影响研究	颜静雯	税务研究	2024(10)	冲击回归	个人所得税子女教育专项附加扣除	约2019（常识）	全国统一政策	摘要未给	家庭教育支出	平均每个子女的课外辅导支出	CFPS 2014—2020年四期面板	高	无	无	摘要描述为结合扣除申报条件、受教育子女数越多则政策实施后每孩课外辅导支出增加越多；以放开人口生育政策构造工具变量做稳健性检验；异质性：有高中阶段子女、财务负责人为女性的家庭更明显
SY-026	推动普惠托育的税收政策：现状与优化	茹玉	税务研究	2024(10)	阐释综述	—	—	—	—	—	—	—	—	普惠托育；人口均衡发展	—	—
SY-027	推动人口高质量发展的个人所得税探析	张念明	税务研究	2024(9)	阐释综述	—	—	—	—	—	—	—	—	人口高质量发展；总量充裕、素质优良、结构优化的现代人力资源	—	—
SY-028	论生育友好型税收政策体系的构建	李建军	税务研究	2024(9)	阐释综述	—	—	—	—	—	—	—	—	生育友好型税收政策体系	—	—
SY-029	产假政策对孩子健康的影响	薛靖茹	经济学(季刊)	2024(6)	冲击回归	2016年产假政策调整（产假延长）	2016	地区强度差异	摘要未给	孩子健康	学龄前儿童身体重度消瘦发生率、因病就医次数、认知能力	CFPS 2014—2020	高	人口长期均衡发展	无	A类型据常识（各省延长天数不同）归类；机制：增加母乳喂养时间、改善母亲健康
SY-030	个人所得税专项附加扣除的减税效应与收入分配效应	万莹	税务研究	2024(3)	测度	个人所得税专项附加扣除（整体与分项；含2023年提高子女教育、赡养老人、3岁以下婴幼儿照护扣除标准）	2019	全国统一政策	无	减税效应；收入分配效应	专项附加扣除的减税规模；收入分配调节效应（逆向调节程度）	CFPS 2020	高	无	无	中等收入组、子女教育扣除的减税规模最大；整体与分项扣除均逆向调节收入分配，逆向程度与扣除规模成正比；2023年提标增强减税效应、加剧逆向调节
SY-031	积极生育政策下个人所得税的优化探析	于春敏	税务研究	2024(3)	阐释综述	—	—	—	—	—	—	—	—	积极生育政策；综合施策支持生育	—	—
SY-032	何以为家：儿童大病医疗与消失的孤儿	赵仁杰	经济学(季刊)	2024(2)	冲击回归	儿童大病医疗保障政策	2010	分批试点或分地区推开	摘要未给	孤儿（养育责任）	县区孤儿数量（含残疾孤儿）	2008—2016年县区面板（具体来源摘要未给）	高	无	无	政策试点地区孤儿数量显著下降，主要体现为残疾孤儿减少
SY-033	少子老龄化、工业智能化与宏观经济波动——基于内生经济增长理论的DSGE模型分析	韩永辉	管理世界	2024(1)	模型模拟	少子老龄化（劳动力供给冲击）与工业智能化	—	无	结构模型	宏观经济波动	模型内生变量：经济均衡总产出、研发型劳动力、自主创新、通货膨胀等（DSGE，非实测）	摘要未给	高	高质量发展；自主创新	无	短期工业智能化优化要素配置、缓解少子老龄化冲击；长期难弥补研发型劳动力缺口，可能引发过度替代、贫富分化与通货膨胀
SY-034	延迟退休、隔代照料与经济增长	耿志祥	金融研究	2023(11)	模型模拟	延迟退休（王朝家庭模型中的政策变量）	—	无	结构模型	经济增长	模型内生变量：生育率、隔代照料时间、年轻人劳动供给、子女教育投入、长期经济增长（数值模拟，非实测）	摘要未给	高	养老金不可持续风险（社保可持续）	无	收入效应（遗赠收入增加）提高生育率、隔代照料效应（时间成本上升）降低生育率；数值模拟显示年轻人劳动供给降幅有限；建议实施积极的隔代照料支持政策
SY-035	户籍制度改革的效应、方向和路径	蔡昉	经济研究	2023(10)	阐释综述	—	—	—	—	—	—	—	—	中国式现代化；高质量发展；破除城乡二元结构；社会流动	—	—
SY-036	促进人口高质量发展的税收政策体系现状、问题及对策	樊勇	税务研究	2023(10)	阐释综述	—	—	—	—	—	—	—	—	人口高质量发展；新发展理念	—	—
SY-037	人口高质量发展背景下促进积极生育的财税政策研究	范子英	税务研究	2023(10)	阐释综述	—	—	—	—	—	—	—	—	人口高质量发展；积极生育；人口长期均衡发展；健全托育服务体系	—	—
SY-038	促进人口高质量发展的税收政策完善	何代欣	税务研究	2023(10)	阐释综述	—	—	—	—	—	—	—	—	人口高质量发展；中国式现代化；高质量就业	—	—
SY-039	多样化、生育率与经济长期演进:一个统一的增长框架	豆建春	经济研究	2023(9)	模型模拟	消费品多样化（消费品种类增加）与生产技术改进	—	无	结构模型	生育率；经济长期演进	模型内生变量：生育率、长期增长路径（数值模拟，非实测）	经济史与科学技术史研究成果（数值模拟依据）	高	无	无	统一增长框架；生育率变化取决于收入增长与消费品种类增加的相对速度；模型复现人口转变与由长期停滞到持续增长的路径
SY-040	延迟退休、隔代照料与青年人就业	邹铁钉	数量经济技术经济研究	2023(9)	模型模拟	延迟退休力度（OLG模型中的政策变量）	—	无	结构模型	青年人就业	模型内生变量：青年人就业意愿、就业能力、就业机会（非实测）	摘要未给	高	幼儿照护支持体系	无	就业能力随延迟退休力度呈倒U型，就业意愿与就业机会总体下降；现收现付制下就业意愿与机会高于基金制，基金制下就业能力更高
SY-041	中国隔代抚养文化、生育年龄选择与人口生育率	余靖雯	金融研究	2023(8)	其他实证	隔代抚养（有无祖辈隔代抚养）	—	连续变量（非冲击）	摘要未给	生育年龄选择；人口生育率	女性平均初育年龄、平均生育数量	CFPS	高	释放生育潜能	无	先建内生人口增长模型；异质性：从事非农工作、受教育程度高、收入高的女性效应更明显
SY-042	公共托幼服务对生育意愿的影响——基于断点回归的经验证据	陈梅	经济学(季刊)	2023(6)	冲击回归	公共托幼服务（是否托幼）	摘要未给	全国统一政策	断点	生育意愿	一孩家庭的二孩生育意愿	2016年中国家庭发展追踪调查	高	无	托幼使二孩生育意愿提高约16.2%—20.5%	断点驱动变量摘要未给，A类型为归类判断；一孩由父母照料者效应更显著；机制：就业释放效应与闲暇释放效应；托幼服务支出增加会降低生育意愿
SY-043	全面二孩政策如何影响家庭生育决策?	葛润	经济学(季刊)	2023(4)	冲击回归	全面二孩政策	2016	全国统一政策	普通DID	家庭生育决策	家庭生育可能性；据此推算的政策引致出生人数	摘要未给	高	无	政策引致多出生人数占2016—2018年每年出生人数的14.8%；推算三孩政策短期内每年多出生约28.32万人	效果在2016—2018年未衰减；据估计外推2021年三孩政策效果（三孩未作A）
SY-044	家庭养老与社会养老融合对居民储蓄率的影响研究	曹伟	经济研究	2023(3)	模型模拟	家庭养老与社会养老融合（OLG拓展模型中的养老方式）	—	无	结构模型	居民储蓄率	模型内生变量：居民储蓄率、生育意愿、代际转移；附实证：家庭老年人数量与子女生育率	摘要未给	高	积极应对人口老龄化国家战略；扩大消费需求	无	养老方式融合增强生育意愿、维持子女对父辈的代际转移从而降低储蓄率；附实证：老年人数量越多的家庭子女生育率越高（隔代看护降低养育时间成本）
SY-045	放松生育限制将如何影响性别失衡?——基于“一孩半”政策的理论分析与实证检验	李长洪	经济学(季刊)	2023(2)	冲击回归	“一孩半”政策（放松生育限制）	约1984（常识，各省实施时间不一）	分批试点或分地区推开	三重差分	性别失衡	男女性别比（理论部分区分首胎、二胎）	2000年人口普查	高	无	无	三重差分利用城乡、区域、政策时间三维差异；理论与数值模拟：重男轻女观念越重，首胎失衡缓解幅度大于二胎恶化幅度，政策缓解性别失衡作用越明显
SY-046	人口老龄化、企业债务融资与金融资源错配——基于地级市人口普查数据的实证研究	陈熠辉	金融研究	2023(2)	其他实证	地区人口老龄化程度	—	连续变量（非冲击）	工具变量	企业债务融资；金融资源错配	企业债务融资水平；企业融资不足水平	地级市人口普查数据；企业数据（来源摘要未给）	高	积极的人口老龄化战略	无	工具变量为计划生育强度；机制：加剧融资约束、增加经营风险；异质性：非国有、中小型、传统行业、资本和劳动密集型行业更明显；对高生产率企业负面影响更大
SY-047	劳动力市场性别差距、生产结构转型与人口增长转变	郭凯明	金融研究	2023(1)	模型模拟	生产结构转型（脑力劳动密集型部门比重提高）与劳动力市场性别差距；政策实验：干预女性劳动定价、降低男性或女性生育养育成本、补贴由政府或企业承担	—	无	结构模型	人口增长转变	模型内生变量：生育率、性别工资差距、女性劳动相对供给、脑力劳动密集型部门比重（非实测）	摘要未给	高	人口长期均衡发展；优化人口发展战略；生育支持政策体系	无	降低男性生育养育成本既提高生育率又缩小性别差距、促进结构转型；生育养育成本补贴由政府承担比由企业承担影响更温和
